"","start","end","Freq"
"1","3005","3005",116
"2","3006","3005",34
"3","3007","3005",22
"4","3008","3005",27
"5","3010","3005",1
"6","3011","3005",10
"7","3014","3005",30
"8","3016","3005",12
"9","3018","3005",20
"10","3019","3005",25
"11","3020","3005",4
"12","3021","3005",42
"13","3022","3005",24
"14","3023","3005",10
"15","3024","3005",24
"16","3025","3005",9
"17","3026","3005",18
"18","3027","3005",29
"19","3028","3005",17
"20","3029","3005",10
"21","3030","3005",54
"22","3031","3005",134
"23","3032","3005",12
"24","3033","3005",6
"25","3034","3005",103
"26","3035","3005",25
"27","3036","3005",8
"28","3037","3005",4
"29","3038","3005",52
"30","3040","3005",47
"31","3042","3005",13
"32","3045","3005",1
"33","3046","3005",4
"34","3047","3005",33
"35","3048","3005",29
"36","3049","3005",90
"37","3051","3005",46
"38","3052","3005",69
"39","3053","3005",1
"40","3054","3005",1
"41","3055","3005",73
"42","3056","3005",3
"43","3057","3005",1
"44","3058","3005",12
"45","3059","3005",2
"46","3060","3005",1
"47","3062","3005",69
"48","3063","3005",34
"49","3064","3005",30
"50","3065","3005",4
"51","3066","3005",7
"52","3067","3005",52
"53","3068","3005",26
"54","3069","3005",42
"55","3074","3005",25
"56","3075","3005",31
"57","3076","3005",23
"58","3077","3005",8
"59","3078","3005",2
"60","3079","3005",4
"61","3080","3005",0
"62","3081","3005",1
"63","3082","3005",17
"64","4108","3005",1
"65","3005","3006",31
"66","3006","3006",76
"67","3007","3006",15
"68","3008","3006",24
"69","3010","3006",0
"70","3011","3006",7
"71","3014","3006",29
"72","3016","3006",4
"73","3018","3006",9
"74","3019","3006",33
"75","3020","3006",3
"76","3021","3006",22
"77","3022","3006",13
"78","3023","3006",11
"79","3024","3006",6
"80","3025","3006",12
"81","3026","3006",8
"82","3027","3006",16
"83","3028","3006",4
"84","3029","3006",11
"85","3030","3006",33
"86","3031","3006",49
"87","3032","3006",9
"88","3033","3006",14
"89","3034","3006",33
"90","3035","3006",35
"91","3036","3006",4
"92","3037","3006",7
"93","3038","3006",32
"94","3040","3006",10
"95","3042","3006",35
"96","3045","3006",0
"97","3046","3006",9
"98","3047","3006",14
"99","3048","3006",10
"100","3049","3006",8
"101","3051","3006",12
"102","3052","3006",27
"103","3053","3006",2
"104","3054","3006",4
"105","3055","3006",27
"106","3056","3006",12
"107","3057","3006",0
"108","3058","3006",0
"109","3059","3006",4
"110","3060","3006",3
"111","3062","3006",6
"112","3063","3006",37
"113","3064","3006",14
"114","3065","3006",1
"115","3066","3006",6
"116","3067","3006",49
"117","3068","3006",16
"118","3069","3006",33
"119","3074","3006",16
"120","3075","3006",14
"121","3076","3006",75
"122","3077","3006",14
"123","3078","3006",1
"124","3079","3006",0
"125","3080","3006",0
"126","3081","3006",2
"127","3082","3006",13
"128","4108","3006",2
"129","3005","3007",4
"130","3006","3007",9
"131","3007","3007",57
"132","3008","3007",11
"133","3010","3007",4
"134","3011","3007",8
"135","3014","3007",33
"136","3016","3007",2
"137","3018","3007",5
"138","3019","3007",3
"139","3020","3007",1
"140","3021","3007",10
"141","3022","3007",18
"142","3023","3007",3
"143","3024","3007",11
"144","3025","3007",0
"145","3026","3007",21
"146","3027","3007",15
"147","3028","3007",4
"148","3029","3007",1
"149","3030","3007",4
"150","3031","3007",16
"151","3032","3007",11
"152","3033","3007",2
"153","3034","3007",39
"154","3035","3007",13
"155","3036","3007",1
"156","3037","3007",0
"157","3038","3007",10
"158","3040","3007",5
"159","3042","3007",22
"160","3045","3007",0
"161","3046","3007",3
"162","3047","3007",7
"163","3048","3007",11
"164","3049","3007",21
"165","3051","3007",6
"166","3052","3007",18
"167","3053","3007",0
"168","3054","3007",1
"169","3055","3007",15
"170","3056","3007",3
"171","3057","3007",3
"172","3058","3007",0
"173","3059","3007",1
"174","3060","3007",0
"175","3062","3007",4
"176","3063","3007",10
"177","3064","3007",8
"178","3065","3007",3
"179","3066","3007",6
"180","3067","3007",46
"181","3068","3007",19
"182","3069","3007",37
"183","3074","3007",5
"184","3075","3007",11
"185","3076","3007",7
"186","3077","3007",12
"187","3078","3007",0
"188","3079","3007",2
"189","3080","3007",0
"190","3081","3007",0
"191","3082","3007",1
"192","4108","3007",0
"193","3005","3008",51
"194","3006","3008",13
"195","3007","3008",19
"196","3008","3008",64
"197","3010","3008",2
"198","3011","3008",25
"199","3014","3008",7
"200","3016","3008",0
"201","3018","3008",7
"202","3019","3008",6
"203","3020","3008",0
"204","3021","3008",6
"205","3022","3008",13
"206","3023","3008",5
"207","3024","3008",6
"208","3025","3008",1
"209","3026","3008",6
"210","3027","3008",9
"211","3028","3008",5
"212","3029","3008",7
"213","3030","3008",9
"214","3031","3008",50
"215","3032","3008",29
"216","3033","3008",0
"217","3034","3008",5
"218","3035","3008",26
"219","3036","3008",0
"220","3037","3008",0
"221","3038","3008",15
"222","3040","3008",18
"223","3042","3008",17
"224","3045","3008",1
"225","3046","3008",4
"226","3047","3008",31
"227","3048","3008",2
"228","3049","3008",16
"229","3051","3008",13
"230","3052","3008",49
"231","3053","3008",0
"232","3054","3008",0
"233","3055","3008",10
"234","3056","3008",2
"235","3057","3008",7
"236","3058","3008",1
"237","3059","3008",4
"238","3060","3008",1
"239","3062","3008",2
"240","3063","3008",38
"241","3064","3008",9
"242","3065","3008",0
"243","3066","3008",2
"244","3067","3008",13
"245","3068","3008",10
"246","3069","3008",22
"247","3074","3008",3
"248","3075","3008",9
"249","3076","3008",9
"250","3077","3008",3
"251","3078","3008",1
"252","3079","3008",1
"253","3080","3008",0
"254","3081","3008",0
"255","3082","3008",3
"256","4108","3008",0
"257","3005","3010",0
"258","3006","3010",0
"259","3007","3010",0
"260","3008","3010",0
"261","3010","3010",32
"262","3011","3010",0
"263","3014","3010",20
"264","3016","3010",0
"265","3018","3010",0
"266","3019","3010",8
"267","3020","3010",0
"268","3021","3010",1
"269","3022","3010",1
"270","3023","3010",1
"271","3024","3010",0
"272","3025","3010",0
"273","3026","3010",0
"274","3027","3010",1
"275","3028","3010",0
"276","3029","3010",0
"277","3030","3010",0
"278","3031","3010",1
"279","3032","3010",4
"280","3033","3010",0
"281","3034","3010",1
"282","3035","3010",1
"283","3036","3010",0
"284","3037","3010",0
"285","3038","3010",2
"286","3040","3010",0
"287","3042","3010",1
"288","3045","3010",1
"289","3046","3010",0
"290","3047","3010",36
"291","3048","3010",0
"292","3049","3010",1
"293","3051","3010",0
"294","3052","3010",0
"295","3053","3010",0
"296","3054","3010",0
"297","3055","3010",0
"298","3056","3010",2
"299","3057","3010",0
"300","3058","3010",0
"301","3059","3010",3
"302","3060","3010",10
"303","3062","3010",0
"304","3063","3010",9
"305","3064","3010",4
"306","3065","3010",0
"307","3066","3010",0
"308","3067","3010",2
"309","3068","3010",0
"310","3069","3010",0
"311","3074","3010",2
"312","3075","3010",1
"313","3076","3010",3
"314","3077","3010",1
"315","3078","3010",0
"316","3079","3010",0
"317","3080","3010",3
"318","3081","3010",0
"319","3082","3010",0
"320","4108","3010",0
"321","3005","3011",14
"322","3006","3011",7
"323","3007","3011",4
"324","3008","3011",34
"325","3010","3011",1
"326","3011","3011",84
"327","3014","3011",6
"328","3016","3011",0
"329","3018","3011",6
"330","3019","3011",5
"331","3020","3011",2
"332","3021","3011",0
"333","3022","3011",1
"334","3023","3011",6
"335","3024","3011",6
"336","3025","3011",3
"337","3026","3011",1
"338","3027","3011",1
"339","3028","3011",2
"340","3029","3011",0
"341","3030","3011",8
"342","3031","3011",24
"343","3032","3011",5
"344","3033","3011",2
"345","3034","3011",9
"346","3035","3011",38
"347","3036","3011",4
"348","3037","3011",0
"349","3038","3011",1
"350","3040","3011",9
"351","3042","3011",3
"352","3045","3011",1
"353","3046","3011",5
"354","3047","3011",8
"355","3048","3011",3
"356","3049","3011",9
"357","3051","3011",4
"358","3052","3011",7
"359","3053","3011",0
"360","3054","3011",0
"361","3055","3011",4
"362","3056","3011",9
"363","3057","3011",6
"364","3058","3011",0
"365","3059","3011",0
"366","3060","3011",1
"367","3062","3011",2
"368","3063","3011",15
"369","3064","3011",6
"370","3065","3011",0
"371","3066","3011",0
"372","3067","3011",6
"373","3068","3011",7
"374","3069","3011",5
"375","3074","3011",5
"376","3075","3011",7
"377","3076","3011",5
"378","3077","3011",0
"379","3078","3011",0
"380","3079","3011",0
"381","3080","3011",0
"382","3081","3011",0
"383","3082","3011",3
"384","4108","3011",0
"385","3005","3014",15
"386","3006","3014",24
"387","3007","3014",29
"388","3008","3014",3
"389","3010","3014",34
"390","3011","3014",5
"391","3014","3014",106
"392","3016","3014",116
"393","3018","3014",5
"394","3019","3014",28
"395","3020","3014",9
"396","3021","3014",69
"397","3022","3014",54
"398","3023","3014",45
"399","3024","3014",26
"400","3025","3014",3
"401","3026","3014",32
"402","3027","3014",80
"403","3028","3014",31
"404","3029","3014",44
"405","3030","3014",265
"406","3031","3014",21
"407","3032","3014",10
"408","3033","3014",6
"409","3034","3014",5
"410","3035","3014",19
"411","3036","3014",25
"412","3037","3014",9
"413","3038","3014",48
"414","3040","3014",4
"415","3042","3014",59
"416","3045","3014",3
"417","3046","3014",5
"418","3047","3014",0
"419","3048","3014",31
"420","3049","3014",13
"421","3051","3014",13
"422","3052","3014",8
"423","3053","3014",0
"424","3054","3014",12
"425","3055","3014",55
"426","3056","3014",2
"427","3057","3014",1
"428","3058","3014",27
"429","3059","3014",3
"430","3060","3014",2
"431","3062","3014",33
"432","3063","3014",22
"433","3064","3014",17
"434","3065","3014",13
"435","3066","3014",44
"436","3067","3014",34
"437","3068","3014",45
"438","3069","3014",52
"439","3074","3014",3
"440","3075","3014",13
"441","3076","3014",17
"442","3077","3014",3
"443","3078","3014",13
"444","3079","3014",21
"445","3080","3014",1
"446","3081","3014",7
"447","3082","3014",7
"448","4108","3014",0
"449","3005","3016",7
"450","3006","3016",0
"451","3007","3016",0
"452","3008","3016",1
"453","3010","3016",0
"454","3011","3016",0
"455","3014","3016",167
"456","3016","3016",70
"457","3018","3016",1
"458","3019","3016",8
"459","3020","3016",0
"460","3021","3016",28
"461","3022","3016",18
"462","3023","3016",43
"463","3024","3016",25
"464","3025","3016",0
"465","3026","3016",0
"466","3027","3016",11
"467","3028","3016",3
"468","3029","3016",4
"469","3030","3016",28
"470","3031","3016",37
"471","3032","3016",2
"472","3033","3016",0
"473","3034","3016",3
"474","3035","3016",3
"475","3036","3016",7
"476","3037","3016",0
"477","3038","3016",4
"478","3040","3016",0
"479","3042","3016",71
"480","3045","3016",9
"481","3046","3016",3
"482","3047","3016",0
"483","3048","3016",11
"484","3049","3016",14
"485","3051","3016",6
"486","3052","3016",1
"487","3053","3016",0
"488","3054","3016",0
"489","3055","3016",23
"490","3056","3016",0
"491","3057","3016",0
"492","3058","3016",3
"493","3059","3016",0
"494","3060","3016",0
"495","3062","3016",0
"496","3063","3016",7
"497","3064","3016",5
"498","3065","3016",7
"499","3066","3016",13
"500","3067","3016",8
"501","3068","3016",2
"502","3069","3016",16
"503","3074","3016",0
"504","3075","3016",3
"505","3076","3016",4
"506","3077","3016",0
"507","3078","3016",1
"508","3079","3016",37
"509","3080","3016",0
"510","3081","3016",13
"511","3082","3016",4
"512","4108","3016",0
"513","3005","3018",18
"514","3006","3018",17
"515","3007","3018",32
"516","3008","3018",5
"517","3010","3018",0
"518","3011","3018",7
"519","3014","3018",5
"520","3016","3018",4
"521","3018","3018",46
"522","3019","3018",6
"523","3020","3018",0
"524","3021","3018",8
"525","3022","3018",1
"526","3023","3018",5
"527","3024","3018",5
"528","3025","3018",2
"529","3026","3018",2
"530","3027","3018",3
"531","3028","3018",3
"532","3029","3018",8
"533","3030","3018",8
"534","3031","3018",28
"535","3032","3018",9
"536","3033","3018",0
"537","3034","3018",3
"538","3035","3018",13
"539","3036","3018",1
"540","3037","3018",0
"541","3038","3018",3
"542","3040","3018",2
"543","3042","3018",2
"544","3045","3018",0
"545","3046","3018",0
"546","3047","3018",12
"547","3048","3018",0
"548","3049","3018",8
"549","3051","3018",11
"550","3052","3018",10
"551","3053","3018",0
"552","3054","3018",0
"553","3055","3018",11
"554","3056","3018",6
"555","3057","3018",4
"556","3058","3018",2
"557","3059","3018",3
"558","3060","3018",1
"559","3062","3018",5
"560","3063","3018",13
"561","3064","3018",30
"562","3065","3018",0
"563","3066","3018",1
"564","3067","3018",6
"565","3068","3018",9
"566","3069","3018",10
"567","3074","3018",18
"568","3075","3018",8
"569","3076","3018",28
"570","3077","3018",18
"571","3078","3018",4
"572","3079","3018",0
"573","3080","3018",7
"574","3081","3018",0
"575","3082","3018",1
"576","4108","3018",0
"577","3005","3019",17
"578","3006","3019",31
"579","3007","3019",16
"580","3008","3019",9
"581","3010","3019",1
"582","3011","3019",11
"583","3014","3019",18
"584","3016","3019",14
"585","3018","3019",7
"586","3019","3019",65
"587","3020","3019",1
"588","3021","3019",5
"589","3022","3019",0
"590","3023","3019",3
"591","3024","3019",1
"592","3025","3019",15
"593","3026","3019",1
"594","3027","3019",19
"595","3028","3019",1
"596","3029","3019",0
"597","3030","3019",80
"598","3031","3019",9
"599","3032","3019",30
"600","3033","3019",9
"601","3034","3019",36
"602","3035","3019",25
"603","3036","3019",0
"604","3037","3019",0
"605","3038","3019",12
"606","3040","3019",0
"607","3042","3019",30
"608","3045","3019",1
"609","3046","3019",3
"610","3047","3019",79
"611","3048","3019",0
"612","3049","3019",8
"613","3051","3019",11
"614","3052","3019",2
"615","3053","3019",0
"616","3054","3019",4
"617","3055","3019",0
"618","3056","3019",15
"619","3057","3019",2
"620","3058","3019",0
"621","3059","3019",6
"622","3060","3019",1
"623","3062","3019",4
"624","3063","3019",27
"625","3064","3019",13
"626","3065","3019",2
"627","3066","3019",22
"628","3067","3019",2
"629","3068","3019",2
"630","3069","3019",17
"631","3074","3019",22
"632","3075","3019",2
"633","3076","3019",8
"634","3077","3019",0
"635","3078","3019",0
"636","3079","3019",0
"637","3080","3019",3
"638","3081","3019",0
"639","3082","3019",2
"640","4108","3019",0
"641","3005","3020",6
"642","3006","3020",5
"643","3007","3020",0
"644","3008","3020",2
"645","3010","3020",0
"646","3011","3020",0
"647","3014","3020",5
"648","3016","3020",0
"649","3018","3020",4
"650","3019","3020",3
"651","3020","3020",24
"652","3021","3020",1
"653","3022","3020",0
"654","3023","3020",0
"655","3024","3020",0
"656","3025","3020",6
"657","3026","3020",0
"658","3027","3020",4
"659","3028","3020",0
"660","3029","3020",1
"661","3030","3020",0
"662","3031","3020",11
"663","3032","3020",2
"664","3033","3020",5
"665","3034","3020",4
"666","3035","3020",3
"667","3036","3020",0
"668","3037","3020",0
"669","3038","3020",0
"670","3040","3020",0
"671","3042","3020",0
"672","3045","3020",1
"673","3046","3020",0
"674","3047","3020",1
"675","3048","3020",0
"676","3049","3020",0
"677","3051","3020",2
"678","3052","3020",10
"679","3053","3020",0
"680","3054","3020",1
"681","3055","3020",3
"682","3056","3020",0
"683","3057","3020",0
"684","3058","3020",0
"685","3059","3020",0
"686","3060","3020",0
"687","3062","3020",0
"688","3063","3020",0
"689","3064","3020",5
"690","3065","3020",1
"691","3066","3020",0
"692","3067","3020",33
"693","3068","3020",0
"694","3069","3020",4
"695","3074","3020",6
"696","3075","3020",3
"697","3076","3020",0
"698","3077","3020",2
"699","3078","3020",1
"700","3079","3020",0
"701","3080","3020",1
"702","3081","3020",1
"703","3082","3020",1
"704","4108","3020",0
"705","3005","3021",26
"706","3006","3021",28
"707","3007","3021",21
"708","3008","3021",10
"709","3010","3021",0
"710","3011","3021",1
"711","3014","3021",49
"712","3016","3021",44
"713","3018","3021",4
"714","3019","3021",11
"715","3020","3021",1
"716","3021","3021",166
"717","3022","3021",110
"718","3023","3021",27
"719","3024","3021",13
"720","3025","3021",0
"721","3026","3021",5
"722","3027","3021",17
"723","3028","3021",17
"724","3029","3021",42
"725","3030","3021",79
"726","3031","3021",39
"727","3032","3021",7
"728","3033","3021",6
"729","3034","3021",12
"730","3035","3021",27
"731","3036","3021",31
"732","3037","3021",29
"733","3038","3021",58
"734","3040","3021",4
"735","3042","3021",31
"736","3045","3021",0
"737","3046","3021",33
"738","3047","3021",1
"739","3048","3021",30
"740","3049","3021",22
"741","3051","3021",23
"742","3052","3021",6
"743","3053","3021",0
"744","3054","3021",24
"745","3055","3021",24
"746","3056","3021",1
"747","3057","3021",0
"748","3058","3021",74
"749","3059","3021",2
"750","3060","3021",1
"751","3062","3021",17
"752","3063","3021",18
"753","3064","3021",34
"754","3065","3021",2
"755","3066","3021",6
"756","3067","3021",49
"757","3068","3021",68
"758","3069","3021",71
"759","3074","3021",32
"760","3075","3021",8
"761","3076","3021",11
"762","3077","3021",7
"763","3078","3021",5
"764","3079","3021",5
"765","3080","3021",0
"766","3081","3021",0
"767","3082","3021",0
"768","4108","3021",1
"769","3005","3022",21
"770","3006","3022",24
"771","3007","3022",16
"772","3008","3022",13
"773","3010","3022",0
"774","3011","3022",0
"775","3014","3022",59
"776","3016","3022",20
"777","3018","3022",4
"778","3019","3022",0
"779","3020","3022",1
"780","3021","3022",79
"781","3022","3022",146
"782","3023","3022",7
"783","3024","3022",12
"784","3025","3022",0
"785","3026","3022",20
"786","3027","3022",19
"787","3028","3022",3
"788","3029","3022",39
"789","3030","3022",32
"790","3031","3022",19
"791","3032","3022",8
"792","3033","3022",2
"793","3034","3022",0
"794","3035","3022",11
"795","3036","3022",55
"796","3037","3022",26
"797","3038","3022",56
"798","3040","3022",0
"799","3042","3022",39
"800","3045","3022",0
"801","3046","3022",30
"802","3047","3022",1
"803","3048","3022",53
"804","3049","3022",14
"805","3051","3022",11
"806","3052","3022",0
"807","3053","3022",0
"808","3054","3022",27
"809","3055","3022",48
"810","3056","3022",0
"811","3057","3022",0
"812","3058","3022",96
"813","3059","3022",1
"814","3060","3022",0
"815","3062","3022",20
"816","3063","3022",25
"817","3064","3022",21
"818","3065","3022",2
"819","3066","3022",3
"820","3067","3022",34
"821","3068","3022",9
"822","3069","3022",77
"823","3074","3022",6
"824","3075","3022",18
"825","3076","3022",3
"826","3077","3022",12
"827","3078","3022",4
"828","3079","3022",12
"829","3080","3022",0
"830","3081","3022",0
"831","3082","3022",6
"832","4108","3022",0
"833","3005","3023",9
"834","3006","3023",6
"835","3007","3023",4
"836","3008","3023",4
"837","3010","3023",0
"838","3011","3023",1
"839","3014","3023",34
"840","3016","3023",59
"841","3018","3023",2
"842","3019","3023",3
"843","3020","3023",0
"844","3021","3023",27
"845","3022","3023",11
"846","3023","3023",98
"847","3024","3023",26
"848","3025","3023",0
"849","3026","3023",3
"850","3027","3023",10
"851","3028","3023",5
"852","3029","3023",6
"853","3030","3023",39
"854","3031","3023",6
"855","3032","3023",11
"856","3033","3023",1
"857","3034","3023",5
"858","3035","3023",6
"859","3036","3023",7
"860","3037","3023",3
"861","3038","3023",37
"862","3040","3023",4
"863","3042","3023",40
"864","3045","3023",4
"865","3046","3023",14
"866","3047","3023",5
"867","3048","3023",19
"868","3049","3023",23
"869","3051","3023",5
"870","3052","3023",21
"871","3053","3023",0
"872","3054","3023",3
"873","3055","3023",4
"874","3056","3023",2
"875","3057","3023",0
"876","3058","3023",1
"877","3059","3023",2
"878","3060","3023",0
"879","3062","3023",2
"880","3063","3023",20
"881","3064","3023",6
"882","3065","3023",2
"883","3066","3023",3
"884","3067","3023",20
"885","3068","3023",10
"886","3069","3023",27
"887","3074","3023",6
"888","3075","3023",3
"889","3076","3023",4
"890","3077","3023",3
"891","3078","3023",7
"892","3079","3023",2
"893","3080","3023",0
"894","3081","3023",0
"895","3082","3023",1
"896","4108","3023",0
"897","3005","3024",2
"898","3006","3024",0
"899","3007","3024",4
"900","3008","3024",7
"901","3010","3024",0
"902","3011","3024",0
"903","3014","3024",14
"904","3016","3024",17
"905","3018","3024",1
"906","3019","3024",0
"907","3020","3024",0
"908","3021","3024",2
"909","3022","3024",0
"910","3023","3024",3
"911","3024","3024",149
"912","3025","3024",0
"913","3026","3024",10
"914","3027","3024",2
"915","3028","3024",6
"916","3029","3024",0
"917","3030","3024",15
"918","3031","3024",3
"919","3032","3024",5
"920","3033","3024",0
"921","3034","3024",1
"922","3035","3024",2
"923","3036","3024",1
"924","3037","3024",0
"925","3038","3024",11
"926","3040","3024",4
"927","3042","3024",10
"928","3045","3024",0
"929","3046","3024",8
"930","3047","3024",0
"931","3048","3024",27
"932","3049","3024",7
"933","3051","3024",3
"934","3052","3024",3
"935","3053","3024",0
"936","3054","3024",1
"937","3055","3024",3
"938","3056","3024",0
"939","3057","3024",0
"940","3058","3024",0
"941","3059","3024",0
"942","3060","3024",0
"943","3062","3024",15
"944","3063","3024",3
"945","3064","3024",13
"946","3065","3024",1
"947","3066","3024",18
"948","3067","3024",3
"949","3068","3024",25
"950","3069","3024",14
"951","3074","3024",3
"952","3075","3024",1
"953","3076","3024",0
"954","3077","3024",0
"955","3078","3024",2
"956","3079","3024",3
"957","3080","3024",0
"958","3081","3024",0
"959","3082","3024",6
"960","4108","3024",0
"961","3005","3025",5
"962","3006","3025",6
"963","3007","3025",4
"964","3008","3025",4
"965","3010","3025",0
"966","3011","3025",2
"967","3014","3025",0
"968","3016","3025",0
"969","3018","3025",6
"970","3019","3025",20
"971","3020","3025",0
"972","3021","3025",0
"973","3022","3025",0
"974","3023","3025",0
"975","3024","3025",0
"976","3025","3025",19
"977","3026","3025",0
"978","3027","3025",1
"979","3028","3025",1
"980","3029","3025",0
"981","3030","3025",0
"982","3031","3025",5
"983","3032","3025",0
"984","3033","3025",0
"985","3034","3025",7
"986","3035","3025",3
"987","3036","3025",0
"988","3037","3025",0
"989","3038","3025",2
"990","3040","3025",4
"991","3042","3025",0
"992","3045","3025",0
"993","3046","3025",1
"994","3047","3025",6
"995","3048","3025",0
"996","3049","3025",0
"997","3051","3025",6
"998","3052","3025",1
"999","3053","3025",0
"1000","3054","3025",0
"1001","3055","3025",0
"1002","3056","3025",22
"1003","3057","3025",4
"1004","3058","3025",0
"1005","3059","3025",9
"1006","3060","3025",0
"1007","3062","3025",2
"1008","3063","3025",5
"1009","3064","3025",9
"1010","3065","3025",0
"1011","3066","3025",1
"1012","3067","3025",0
"1013","3068","3025",3
"1014","3069","3025",2
"1015","3074","3025",1
"1016","3075","3025",2
"1017","3076","3025",1
"1018","3077","3025",2
"1019","3078","3025",2
"1020","3079","3025",0
"1021","3080","3025",1
"1022","3081","3025",0
"1023","3082","3025",0
"1024","4108","3025",0
"1025","3005","3026",10
"1026","3006","3026",7
"1027","3007","3026",19
"1028","3008","3026",7
"1029","3010","3026",0
"1030","3011","3026",1
"1031","3014","3026",13
"1032","3016","3026",2
"1033","3018","3026",1
"1034","3019","3026",0
"1035","3020","3026",0
"1036","3021","3026",4
"1037","3022","3026",16
"1038","3023","3026",5
"1039","3024","3026",21
"1040","3025","3026",0
"1041","3026","3026",58
"1042","3027","3026",1
"1043","3028","3026",17
"1044","3029","3026",3
"1045","3030","3026",8
"1046","3031","3026",1
"1047","3032","3026",2
"1048","3033","3026",0
"1049","3034","3026",3
"1050","3035","3026",8
"1051","3036","3026",0
"1052","3037","3026",2
"1053","3038","3026",1
"1054","3040","3026",2
"1055","3042","3026",6
"1056","3045","3026",0
"1057","3046","3026",12
"1058","3047","3026",0
"1059","3048","3026",0
"1060","3049","3026",25
"1061","3051","3026",22
"1062","3052","3026",2
"1063","3053","3026",0
"1064","3054","3026",0
"1065","3055","3026",5
"1066","3056","3026",0
"1067","3057","3026",1
"1068","3058","3026",0
"1069","3059","3026",0
"1070","3060","3026",0
"1071","3062","3026",2
"1072","3063","3026",16
"1073","3064","3026",8
"1074","3065","3026",5
"1075","3066","3026",2
"1076","3067","3026",6
"1077","3068","3026",17
"1078","3069","3026",13
"1079","3074","3026",2
"1080","3075","3026",1
"1081","3076","3026",0
"1082","3077","3026",0
"1083","3078","3026",5
"1084","3079","3026",2
"1085","3080","3026",0
"1086","3081","3026",0
"1087","3082","3026",3
"1088","4108","3026",0
"1089","3005","3027",10
"1090","3006","3027",9
"1091","3007","3027",11
"1092","3008","3027",3
"1093","3010","3027",0
"1094","3011","3027",4
"1095","3014","3027",52
"1096","3016","3027",2
"1097","3018","3027",2
"1098","3019","3027",9
"1099","3020","3027",1
"1100","3021","3027",19
"1101","3022","3027",12
"1102","3023","3027",8
"1103","3024","3027",7
"1104","3025","3027",0
"1105","3026","3027",5
"1106","3027","3027",58
"1107","3028","3027",0
"1108","3029","3027",8
"1109","3030","3027",14
"1110","3031","3027",10
"1111","3032","3027",0
"1112","3033","3027",2
"1113","3034","3027",1
"1114","3035","3027",3
"1115","3036","3027",1
"1116","3037","3027",4
"1117","3038","3027",16
"1118","3040","3027",1
"1119","3042","3027",71
"1120","3045","3027",0
"1121","3046","3027",4
"1122","3047","3027",1
"1123","3048","3027",13
"1124","3049","3027",6
"1125","3051","3027",5
"1126","3052","3027",0
"1127","3053","3027",0
"1128","3054","3027",4
"1129","3055","3027",11
"1130","3056","3027",1
"1131","3057","3027",8
"1132","3058","3027",6
"1133","3059","3027",0
"1134","3060","3027",0
"1135","3062","3027",8
"1136","3063","3027",17
"1137","3064","3027",6
"1138","3065","3027",13
"1139","3066","3027",34
"1140","3067","3027",20
"1141","3068","3027",7
"1142","3069","3027",10
"1143","3074","3027",2
"1144","3075","3027",5
"1145","3076","3027",2
"1146","3077","3027",0
"1147","3078","3027",4
"1148","3079","3027",1
"1149","3080","3027",0
"1150","3081","3027",0
"1151","3082","3027",5
"1152","4108","3027",0
"1153","3005","3028",1
"1154","3006","3028",1
"1155","3007","3028",3
"1156","3008","3028",10
"1157","3010","3028",0
"1158","3011","3028",1
"1159","3014","3028",13
"1160","3016","3028",3
"1161","3018","3028",0
"1162","3019","3028",0
"1163","3020","3028",0
"1164","3021","3028",3
"1165","3022","3028",4
"1166","3023","3028",10
"1167","3024","3028",6
"1168","3025","3028",0
"1169","3026","3028",4
"1170","3027","3028",4
"1171","3028","3028",39
"1172","3029","3028",0
"1173","3030","3028",6
"1174","3031","3028",9
"1175","3032","3028",7
"1176","3033","3028",0
"1177","3034","3028",1
"1178","3035","3028",11
"1179","3036","3028",2
"1180","3037","3028",2
"1181","3038","3028",3
"1182","3040","3028",3
"1183","3042","3028",9
"1184","3045","3028",0
"1185","3046","3028",0
"1186","3047","3028",0
"1187","3048","3028",1
"1188","3049","3028",3
"1189","3051","3028",1
"1190","3052","3028",1
"1191","3053","3028",0
"1192","3054","3028",0
"1193","3055","3028",4
"1194","3056","3028",0
"1195","3057","3028",0
"1196","3058","3028",3
"1197","3059","3028",0
"1198","3060","3028",0
"1199","3062","3028",5
"1200","3063","3028",0
"1201","3064","3028",6
"1202","3065","3028",3
"1203","3066","3028",1
"1204","3067","3028",4
"1205","3068","3028",16
"1206","3069","3028",9
"1207","3074","3028",5
"1208","3075","3028",2
"1209","3076","3028",0
"1210","3077","3028",0
"1211","3078","3028",2
"1212","3079","3028",0
"1213","3080","3028",0
"1214","3081","3028",0
"1215","3082","3028",0
"1216","4108","3028",0
"1217","3005","3029",8
"1218","3006","3029",10
"1219","3007","3029",10
"1220","3008","3029",2
"1221","3010","3029",0
"1222","3011","3029",1
"1223","3014","3029",34
"1224","3016","3029",28
"1225","3018","3029",5
"1226","3019","3029",5
"1227","3020","3029",2
"1228","3021","3029",18
"1229","3022","3029",20
"1230","3023","3029",4
"1231","3024","3029",3
"1232","3025","3029",0
"1233","3026","3029",1
"1234","3027","3029",10
"1235","3028","3029",1
"1236","3029","3029",36
"1237","3030","3029",22
"1238","3031","3029",5
"1239","3032","3029",6
"1240","3033","3029",4
"1241","3034","3029",6
"1242","3035","3029",6
"1243","3036","3029",1
"1244","3037","3029",7
"1245","3038","3029",25
"1246","3040","3029",1
"1247","3042","3029",33
"1248","3045","3029",0
"1249","3046","3029",3
"1250","3047","3029",1
"1251","3048","3029",12
"1252","3049","3029",5
"1253","3051","3029",6
"1254","3052","3029",5
"1255","3053","3029",0
"1256","3054","3029",0
"1257","3055","3029",19
"1258","3056","3029",0
"1259","3057","3029",1
"1260","3058","3029",0
"1261","3059","3029",0
"1262","3060","3029",0
"1263","3062","3029",5
"1264","3063","3029",5
"1265","3064","3029",5
"1266","3065","3029",1
"1267","3066","3029",2
"1268","3067","3029",13
"1269","3068","3029",3
"1270","3069","3029",8
"1271","3074","3029",3
"1272","3075","3029",3
"1273","3076","3029",8
"1274","3077","3029",1
"1275","3078","3029",1
"1276","3079","3029",0
"1277","3080","3029",0
"1278","3081","3029",1
"1279","3082","3029",0
"1280","4108","3029",0
"1281","3005","3030",38
"1282","3006","3030",21
"1283","3007","3030",17
"1284","3008","3030",5
"1285","3010","3030",0
"1286","3011","3030",3
"1287","3014","3030",224
"1288","3016","3030",25
"1289","3018","3030",4
"1290","3019","3030",66
"1291","3020","3030",0
"1292","3021","3030",63
"1293","3022","3030",15
"1294","3023","3030",21
"1295","3024","3030",28
"1296","3025","3030",0
"1297","3026","3030",8
"1298","3027","3030",20
"1299","3028","3030",13
"1300","3029","3030",83
"1301","3030","3030",100
"1302","3031","3030",29
"1303","3032","3030",16
"1304","3033","3030",7
"1305","3034","3030",22
"1306","3035","3030",8
"1307","3036","3030",8
"1308","3037","3030",13
"1309","3038","3030",53
"1310","3040","3030",6
"1311","3042","3030",91
"1312","3045","3030",0
"1313","3046","3030",3
"1314","3047","3030",2
"1315","3048","3030",16
"1316","3049","3030",65
"1317","3051","3030",10
"1318","3052","3030",12
"1319","3053","3030",0
"1320","3054","3030",13
"1321","3055","3030",32
"1322","3056","3030",4
"1323","3057","3030",1
"1324","3058","3030",8
"1325","3059","3030",0
"1326","3060","3030",0
"1327","3062","3030",9
"1328","3063","3030",24
"1329","3064","3030",31
"1330","3065","3030",24
"1331","3066","3030",13
"1332","3067","3030",35
"1333","3068","3030",17
"1334","3069","3030",77
"1335","3074","3030",7
"1336","3075","3030",16
"1337","3076","3030",8
"1338","3077","3030",3
"1339","3078","3030",2
"1340","3079","3030",19
"1341","3080","3030",0
"1342","3081","3030",18
"1343","3082","3030",8
"1344","4108","3030",0
"1345","3005","3031",111
"1346","3006","3031",54
"1347","3007","3031",34
"1348","3008","3031",58
"1349","3010","3031",1
"1350","3011","3031",17
"1351","3014","3031",82
"1352","3016","3031",60
"1353","3018","3031",24
"1354","3019","3031",6
"1355","3020","3031",6
"1356","3021","3031",56
"1357","3022","3031",40
"1358","3023","3031",27
"1359","3024","3031",11
"1360","3025","3031",3
"1361","3026","3031",9
"1362","3027","3031",45
"1363","3028","3031",17
"1364","3029","3031",24
"1365","3030","3031",50
"1366","3031","3031",105
"1367","3032","3031",43
"1368","3033","3031",8
"1369","3034","3031",31
"1370","3035","3031",65
"1371","3036","3031",7
"1372","3037","3031",14
"1373","3038","3031",34
"1374","3040","3031",9
"1375","3042","3031",69
"1376","3045","3031",8
"1377","3046","3031",7
"1378","3047","3031",11
"1379","3048","3031",16
"1380","3049","3031",36
"1381","3051","3031",10
"1382","3052","3031",30
"1383","3053","3031",0
"1384","3054","3031",6
"1385","3055","3031",18
"1386","3056","3031",4
"1387","3057","3031",1
"1388","3058","3031",8
"1389","3059","3031",10
"1390","3060","3031",2
"1391","3062","3031",26
"1392","3063","3031",23
"1393","3064","3031",65
"1394","3065","3031",14
"1395","3066","3031",12
"1396","3067","3031",21
"1397","3068","3031",28
"1398","3069","3031",25
"1399","3074","3031",43
"1400","3075","3031",34
"1401","3076","3031",9
"1402","3077","3031",18
"1403","3078","3031",9
"1404","3079","3031",23
"1405","3080","3031",0
"1406","3081","3031",1
"1407","3082","3031",19
"1408","4108","3031",0
"1409","3005","3032",16
"1410","3006","3032",33
"1411","3007","3032",5
"1412","3008","3032",41
"1413","3010","3032",2
"1414","3011","3032",7
"1415","3014","3032",1
"1416","3016","3032",2
"1417","3018","3032",14
"1418","3019","3032",18
"1419","3020","3032",3
"1420","3021","3032",4
"1421","3022","3032",9
"1422","3023","3032",6
"1423","3024","3032",8
"1424","3025","3032",3
"1425","3026","3032",3
"1426","3027","3032",8
"1427","3028","3032",5
"1428","3029","3032",3
"1429","3030","3032",13
"1430","3031","3032",76
"1431","3032","3032",56
"1432","3033","3032",0
"1433","3034","3032",82
"1434","3035","3032",12
"1435","3036","3032",2
"1436","3037","3032",4
"1437","3038","3032",12
"1438","3040","3032",13
"1439","3042","3032",9
"1440","3045","3032",0
"1441","3046","3032",2
"1442","3047","3032",17
"1443","3048","3032",3
"1444","3049","3032",18
"1445","3051","3032",21
"1446","3052","3032",20
"1447","3053","3032",2
"1448","3054","3032",3
"1449","3055","3032",17
"1450","3056","3032",28
"1451","3057","3032",2
"1452","3058","3032",4
"1453","3059","3032",1
"1454","3060","3032",0
"1455","3062","3032",2
"1456","3063","3032",11
"1457","3064","3032",48
"1458","3065","3032",0
"1459","3066","3032",2
"1460","3067","3032",50
"1461","3068","3032",14
"1462","3069","3032",14
"1463","3074","3032",51
"1464","3075","3032",23
"1465","3076","3032",14
"1466","3077","3032",6
"1467","3078","3032",3
"1468","3079","3032",9
"1469","3080","3032",0
"1470","3081","3032",0
"1471","3082","3032",1
"1472","4108","3032",0
"1473","3005","3033",7
"1474","3006","3033",9
"1475","3007","3033",2
"1476","3008","3033",6
"1477","3010","3033",3
"1478","3011","3033",0
"1479","3014","3033",5
"1480","3016","3033",3
"1481","3018","3033",2
"1482","3019","3033",11
"1483","3020","3033",0
"1484","3021","3033",1
"1485","3022","3033",4
"1486","3023","3033",4
"1487","3024","3033",1
"1488","3025","3033",2
"1489","3026","3033",2
"1490","3027","3033",3
"1491","3028","3033",0
"1492","3029","3033",1
"1493","3030","3033",4
"1494","3031","3033",4
"1495","3032","3033",2
"1496","3033","3033",15
"1497","3034","3033",9
"1498","3035","3033",2
"1499","3036","3033",1
"1500","3037","3033",0
"1501","3038","3033",3
"1502","3040","3033",1
"1503","3042","3033",0
"1504","3045","3033",3
"1505","3046","3033",0
"1506","3047","3033",5
"1507","3048","3033",8
"1508","3049","3033",1
"1509","3051","3033",1
"1510","3052","3033",0
"1511","3053","3033",0
"1512","3054","3033",0
"1513","3055","3033",5
"1514","3056","3033",6
"1515","3057","3033",0
"1516","3058","3033",1
"1517","3059","3033",1
"1518","3060","3033",0
"1519","3062","3033",3
"1520","3063","3033",4
"1521","3064","3033",13
"1522","3065","3033",0
"1523","3066","3033",0
"1524","3067","3033",21
"1525","3068","3033",3
"1526","3069","3033",10
"1527","3074","3033",3
"1528","3075","3033",0
"1529","3076","3033",5
"1530","3077","3033",0
"1531","3078","3033",1
"1532","3079","3033",0
"1533","3080","3033",0
"1534","3081","3033",1
"1535","3082","3033",0
"1536","4108","3033",0
"1537","3005","3034",103
"1538","3006","3034",22
"1539","3007","3034",36
"1540","3008","3034",5
"1541","3010","3034",3
"1542","3011","3034",7
"1543","3014","3034",5
"1544","3016","3034",1
"1545","3018","3034",10
"1546","3019","3034",25
"1547","3020","3034",2
"1548","3021","3034",14
"1549","3022","3034",1
"1550","3023","3034",3
"1551","3024","3034",2
"1552","3025","3034",1
"1553","3026","3034",4
"1554","3027","3034",10
"1555","3028","3034",0
"1556","3029","3034",7
"1557","3030","3034",16
"1558","3031","3034",49
"1559","3032","3034",88
"1560","3033","3034",8
"1561","3034","3034",103
"1562","3035","3034",80
"1563","3036","3034",3
"1564","3037","3034",1
"1565","3038","3034",12
"1566","3040","3034",6
"1567","3042","3034",8
"1568","3045","3034",0
"1569","3046","3034",0
"1570","3047","3034",33
"1571","3048","3034",8
"1572","3049","3034",7
"1573","3051","3034",4
"1574","3052","3034",6
"1575","3053","3034",0
"1576","3054","3034",1
"1577","3055","3034",14
"1578","3056","3034",39
"1579","3057","3034",3
"1580","3058","3034",3
"1581","3059","3034",3
"1582","3060","3034",7
"1583","3062","3034",12
"1584","3063","3034",16
"1585","3064","3034",110
"1586","3065","3034",6
"1587","3066","3034",1
"1588","3067","3034",10
"1589","3068","3034",8
"1590","3069","3034",28
"1591","3074","3034",28
"1592","3075","3034",28
"1593","3076","3034",8
"1594","3077","3034",2
"1595","3078","3034",2
"1596","3079","3034",0
"1597","3080","3034",0
"1598","3081","3034",0
"1599","3082","3034",1
"1600","4108","3034",0
"1601","3005","3035",29
"1602","3006","3035",39
"1603","3007","3035",23
"1604","3008","3035",14
"1605","3010","3035",0
"1606","3011","3035",23
"1607","3014","3035",14
"1608","3016","3035",3
"1609","3018","3035",15
"1610","3019","3035",24
"1611","3020","3035",10
"1612","3021","3035",10
"1613","3022","3035",12
"1614","3023","3035",1
"1615","3024","3035",16
"1616","3025","3035",3
"1617","3026","3035",19
"1618","3027","3035",16
"1619","3028","3035",14
"1620","3029","3035",6
"1621","3030","3035",18
"1622","3031","3035",62
"1623","3032","3035",17
"1624","3033","3035",0
"1625","3034","3035",67
"1626","3035","3035",88
"1627","3036","3035",5
"1628","3037","3035",6
"1629","3038","3035",31
"1630","3040","3035",28
"1631","3042","3035",15
"1632","3045","3035",0
"1633","3046","3035",5
"1634","3047","3035",30
"1635","3048","3035",2
"1636","3049","3035",54
"1637","3051","3035",24
"1638","3052","3035",38
"1639","3053","3035",0
"1640","3054","3035",1
"1641","3055","3035",38
"1642","3056","3035",8
"1643","3057","3035",3
"1644","3058","3035",0
"1645","3059","3035",4
"1646","3060","3035",1
"1647","3062","3035",9
"1648","3063","3035",30
"1649","3064","3035",39
"1650","3065","3035",0
"1651","3066","3035",38
"1652","3067","3035",38
"1653","3068","3035",23
"1654","3069","3035",14
"1655","3074","3035",42
"1656","3075","3035",21
"1657","3076","3035",18
"1658","3077","3035",0
"1659","3078","3035",0
"1660","3079","3035",0
"1661","3080","3035",0
"1662","3081","3035",0
"1663","3082","3035",3
"1664","4108","3035",0
"1665","3005","3036",4
"1666","3006","3036",5
"1667","3007","3036",8
"1668","3008","3036",5
"1669","3010","3036",0
"1670","3011","3036",0
"1671","3014","3036",20
"1672","3016","3036",12
"1673","3018","3036",1
"1674","3019","3036",1
"1675","3020","3036",0
"1676","3021","3036",18
"1677","3022","3036",53
"1678","3023","3036",6
"1679","3024","3036",4
"1680","3025","3036",0
"1681","3026","3036",0
"1682","3027","3036",3
"1683","3028","3036",0
"1684","3029","3036",7
"1685","3030","3036",21
"1686","3031","3036",11
"1687","3032","3036",2
"1688","3033","3036",6
"1689","3034","3036",3
"1690","3035","3036",2
"1691","3036","3036",59
"1692","3037","3036",9
"1693","3038","3036",15
"1694","3040","3036",2
"1695","3042","3036",20
"1696","3045","3036",3
"1697","3046","3036",10
"1698","3047","3036",2
"1699","3048","3036",17
"1700","3049","3036",8
"1701","3051","3036",2
"1702","3052","3036",3
"1703","3053","3036",0
"1704","3054","3036",6
"1705","3055","3036",17
"1706","3056","3036",4
"1707","3057","3036",1
"1708","3058","3036",29
"1709","3059","3036",0
"1710","3060","3036",0
"1711","3062","3036",6
"1712","3063","3036",8
"1713","3064","3036",11
"1714","3065","3036",4
"1715","3066","3036",0
"1716","3067","3036",11
"1717","3068","3036",7
"1718","3069","3036",27
"1719","3074","3036",2
"1720","3075","3036",1
"1721","3076","3036",0
"1722","3077","3036",2
"1723","3078","3036",0
"1724","3079","3036",8
"1725","3080","3036",0
"1726","3081","3036",0
"1727","3082","3036",2
"1728","4108","3036",1
"1729","3005","3037",14
"1730","3006","3037",5
"1731","3007","3037",2
"1732","3008","3037",1
"1733","3010","3037",0
"1734","3011","3037",0
"1735","3014","3037",14
"1736","3016","3037",8
"1737","3018","3037",4
"1738","3019","3037",0
"1739","3020","3037",0
"1740","3021","3037",31
"1741","3022","3037",32
"1742","3023","3037",1
"1743","3024","3037",2
"1744","3025","3037",0
"1745","3026","3037",4
"1746","3027","3037",8
"1747","3028","3037",5
"1748","3029","3037",1
"1749","3030","3037",4
"1750","3031","3037",14
"1751","3032","3037",18
"1752","3033","3037",5
"1753","3034","3037",1
"1754","3035","3037",11
"1755","3036","3037",4
"1756","3037","3037",24
"1757","3038","3037",16
"1758","3040","3037",1
"1759","3042","3037",16
"1760","3045","3037",0
"1761","3046","3037",0
"1762","3047","3037",2
"1763","3048","3037",19
"1764","3049","3037",0
"1765","3051","3037",12
"1766","3052","3037",3
"1767","3053","3037",0
"1768","3054","3037",7
"1769","3055","3037",24
"1770","3056","3037",1
"1771","3057","3037",2
"1772","3058","3037",8
"1773","3059","3037",0
"1774","3060","3037",0
"1775","3062","3037",7
"1776","3063","3037",3
"1777","3064","3037",8
"1778","3065","3037",1
"1779","3066","3037",4
"1780","3067","3037",20
"1781","3068","3037",6
"1782","3069","3037",12
"1783","3074","3037",0
"1784","3075","3037",6
"1785","3076","3037",5
"1786","3077","3037",5
"1787","3078","3037",0
"1788","3079","3037",1
"1789","3080","3037",0
"1790","3081","3037",12
"1791","3082","3037",2
"1792","4108","3037",0
"1793","3005","3038",37
"1794","3006","3038",51
"1795","3007","3038",11
"1796","3008","3038",14
"1797","3010","3038",2
"1798","3011","3038",0
"1799","3014","3038",21
"1800","3016","3038",4
"1801","3018","3038",9
"1802","3019","3038",15
"1803","3020","3038",2
"1804","3021","3038",38
"1805","3022","3038",39
"1806","3023","3038",15
"1807","3024","3038",18
"1808","3025","3038",1
"1809","3026","3038",5
"1810","3027","3038",8
"1811","3028","3038",0
"1812","3029","3038",14
"1813","3030","3038",31
"1814","3031","3038",30
"1815","3032","3038",12
"1816","3033","3038",11
"1817","3034","3038",19
"1818","3035","3038",42
"1819","3036","3038",8
"1820","3037","3038",8
"1821","3038","3038",73
"1822","3040","3038",6
"1823","3042","3038",20
"1824","3045","3038",1
"1825","3046","3038",9
"1826","3047","3038",5
"1827","3048","3038",12
"1828","3049","3038",8
"1829","3051","3038",29
"1830","3052","3038",5
"1831","3053","3038",1
"1832","3054","3038",2
"1833","3055","3038",24
"1834","3056","3038",4
"1835","3057","3038",0
"1836","3058","3038",5
"1837","3059","3038",28
"1838","3060","3038",0
"1839","3062","3038",14
"1840","3063","3038",15
"1841","3064","3038",57
"1842","3065","3038",67
"1843","3066","3038",6
"1844","3067","3038",26
"1845","3068","3038",12
"1846","3069","3038",12
"1847","3074","3038",35
"1848","3075","3038",27
"1849","3076","3038",26
"1850","3077","3038",4
"1851","3078","3038",1
"1852","3079","3038",8
"1853","3080","3038",0
"1854","3081","3038",2
"1855","3082","3038",3
"1856","4108","3038",0
"1857","3005","3040",30
"1858","3006","3040",7
"1859","3007","3040",8
"1860","3008","3040",17
"1861","3010","3040",1
"1862","3011","3040",4
"1863","3014","3040",2
"1864","3016","3040",1
"1865","3018","3040",1
"1866","3019","3040",1
"1867","3020","3040",3
"1868","3021","3040",2
"1869","3022","3040",0
"1870","3023","3040",9
"1871","3024","3040",0
"1872","3025","3040",0
"1873","3026","3040",2
"1874","3027","3040",0
"1875","3028","3040",6
"1876","3029","3040",0
"1877","3030","3040",3
"1878","3031","3040",6
"1879","3032","3040",10
"1880","3033","3040",0
"1881","3034","3040",3
"1882","3035","3040",20
"1883","3036","3040",3
"1884","3037","3040",1
"1885","3038","3040",5
"1886","3040","3040",116
"1887","3042","3040",2
"1888","3045","3040",0
"1889","3046","3040",1
"1890","3047","3040",3
"1891","3048","3040",2
"1892","3049","3040",0
"1893","3051","3040",2
"1894","3052","3040",17
"1895","3053","3040",0
"1896","3054","3040",0
"1897","3055","3040",2
"1898","3056","3040",9
"1899","3057","3040",0
"1900","3058","3040",2
"1901","3059","3040",0
"1902","3060","3040",0
"1903","3062","3040",0
"1904","3063","3040",15
"1905","3064","3040",7
"1906","3065","3040",0
"1907","3066","3040",0
"1908","3067","3040",6
"1909","3068","3040",1
"1910","3069","3040",6
"1911","3074","3040",10
"1912","3075","3040",2
"1913","3076","3040",0
"1914","3077","3040",1
"1915","3078","3040",2
"1916","3079","3040",0
"1917","3080","3040",0
"1918","3081","3040",0
"1919","3082","3040",0
"1920","4108","3040",0
"1921","3005","3042",16
"1922","3006","3042",29
"1923","3007","3042",21
"1924","3008","3042",6
"1925","3010","3042",5
"1926","3011","3042",5
"1927","3014","3042",19
"1928","3016","3042",68
"1929","3018","3042",6
"1930","3019","3042",27
"1931","3020","3042",0
"1932","3021","3042",36
"1933","3022","3042",70
"1934","3023","3042",30
"1935","3024","3042",86
"1936","3025","3042",0
"1937","3026","3042",11
"1938","3027","3042",58
"1939","3028","3042",17
"1940","3029","3042",42
"1941","3030","3042",165
"1942","3031","3042",25
"1943","3032","3042",36
"1944","3033","3042",5
"1945","3034","3042",12
"1946","3035","3042",9
"1947","3036","3042",20
"1948","3037","3042",8
"1949","3038","3042",64
"1950","3040","3042",6
"1951","3042","3042",128
"1952","3045","3042",0
"1953","3046","3042",12
"1954","3047","3042",5
"1955","3048","3042",26
"1956","3049","3042",56
"1957","3051","3042",10
"1958","3052","3042",4
"1959","3053","3042",0
"1960","3054","3042",34
"1961","3055","3042",35
"1962","3056","3042",4
"1963","3057","3042",1
"1964","3058","3042",16
"1965","3059","3042",4
"1966","3060","3042",11
"1967","3062","3042",15
"1968","3063","3042",19
"1969","3064","3042",43
"1970","3065","3042",10
"1971","3066","3042",17
"1972","3067","3042",60
"1973","3068","3042",47
"1974","3069","3042",74
"1975","3074","3042",10
"1976","3075","3042",8
"1977","3076","3042",19
"1978","3077","3042",2
"1979","3078","3042",11
"1980","3079","3042",20
"1981","3080","3042",0
"1982","3081","3042",1
"1983","3082","3042",9
"1984","4108","3042",0
"1985","3005","3045",3
"1986","3006","3045",0
"1987","3007","3045",2
"1988","3008","3045",1
"1989","3010","3045",1
"1990","3011","3045",8
"1991","3014","3045",0
"1992","3016","3045",8
"1993","3018","3045",0
"1994","3019","3045",1
"1995","3020","3045",5
"1996","3021","3045",0
"1997","3022","3045",0
"1998","3023","3045",3
"1999","3024","3045",0
"2000","3025","3045",0
"2001","3026","3045",0
"2002","3027","3045",0
"2003","3028","3045",0
"2004","3029","3045",0
"2005","3030","3045",0
"2006","3031","3045",9
"2007","3032","3045",0
"2008","3033","3045",4
"2009","3034","3045",0
"2010","3035","3045",5
"2011","3036","3045",0
"2012","3037","3045",2
"2013","3038","3045",0
"2014","3040","3045",1
"2015","3042","3045",0
"2016","3045","3045",15
"2017","3046","3045",0
"2018","3047","3045",1
"2019","3048","3045",0
"2020","3049","3045",0
"2021","3051","3045",0
"2022","3052","3045",0
"2023","3053","3045",0
"2024","3054","3045",2
"2025","3055","3045",1
"2026","3056","3045",0
"2027","3057","3045",2
"2028","3058","3045",0
"2029","3059","3045",0
"2030","3060","3045",0
"2031","3062","3045",0
"2032","3063","3045",2
"2033","3064","3045",1
"2034","3065","3045",0
"2035","3066","3045",0
"2036","3067","3045",0
"2037","3068","3045",0
"2038","3069","3045",0
"2039","3074","3045",2
"2040","3075","3045",0
"2041","3076","3045",0
"2042","3077","3045",0
"2043","3078","3045",0
"2044","3079","3045",0
"2045","3080","3045",15
"2046","3081","3045",1
"2047","3082","3045",0
"2048","4108","3045",0
"2049","3005","3046",4
"2050","3006","3046",17
"2051","3007","3046",2
"2052","3008","3046",8
"2053","3010","3046",0
"2054","3011","3046",0
"2055","3014","3046",10
"2056","3016","3046",0
"2057","3018","3046",0
"2058","3019","3046",4
"2059","3020","3046",1
"2060","3021","3046",20
"2061","3022","3046",26
"2062","3023","3046",3
"2063","3024","3046",4
"2064","3025","3046",0
"2065","3026","3046",8
"2066","3027","3046",0
"2067","3028","3046",1
"2068","3029","3046",0
"2069","3030","3046",6
"2070","3031","3046",7
"2071","3032","3046",4
"2072","3033","3046",0
"2073","3034","3046",2
"2074","3035","3046",3
"2075","3036","3046",0
"2076","3037","3046",2
"2077","3038","3046",10
"2078","3040","3046",2
"2079","3042","3046",8
"2080","3045","3046",0
"2081","3046","3046",92
"2082","3047","3046",0
"2083","3048","3046",13
"2084","3049","3046",26
"2085","3051","3046",2
"2086","3052","3046",0
"2087","3053","3046",0
"2088","3054","3046",1
"2089","3055","3046",1
"2090","3056","3046",14
"2091","3057","3046",0
"2092","3058","3046",0
"2093","3059","3046",0
"2094","3060","3046",0
"2095","3062","3046",1
"2096","3063","3046",8
"2097","3064","3046",4
"2098","3065","3046",3
"2099","3066","3046",5
"2100","3067","3046",10
"2101","3068","3046",5
"2102","3069","3046",4
"2103","3074","3046",6
"2104","3075","3046",2
"2105","3076","3046",4
"2106","3077","3046",0
"2107","3078","3046",5
"2108","3079","3046",0
"2109","3080","3046",0
"2110","3081","3046",0
"2111","3082","3046",6
"2112","4108","3046",0
"2113","3005","3047",16
"2114","3006","3047",24
"2115","3007","3047",8
"2116","3008","3047",10
"2117","3010","3047",23
"2118","3011","3047",5
"2119","3014","3047",2
"2120","3016","3047",6
"2121","3018","3047",15
"2122","3019","3047",44
"2123","3020","3047",1
"2124","3021","3047",7
"2125","3022","3047",0
"2126","3023","3047",1
"2127","3024","3047",3
"2128","3025","3047",3
"2129","3026","3047",1
"2130","3027","3047",5
"2131","3028","3047",2
"2132","3029","3047",0
"2133","3030","3047",10
"2134","3031","3047",38
"2135","3032","3047",17
"2136","3033","3047",4
"2137","3034","3047",21
"2138","3035","3047",24
"2139","3036","3047",2
"2140","3037","3047",0
"2141","3038","3047",9
"2142","3040","3047",1
"2143","3042","3047",5
"2144","3045","3047",0
"2145","3046","3047",1
"2146","3047","3047",55
"2147","3048","3047",3
"2148","3049","3047",1
"2149","3051","3047",10
"2150","3052","3047",10
"2151","3053","3047",0
"2152","3054","3047",1
"2153","3055","3047",3
"2154","3056","3047",45
"2155","3057","3047",4
"2156","3058","3047",1
"2157","3059","3047",14
"2158","3060","3047",6
"2159","3062","3047",6
"2160","3063","3047",4
"2161","3064","3047",40
"2162","3065","3047",0
"2163","3066","3047",1
"2164","3067","3047",4
"2165","3068","3047",3
"2166","3069","3047",8
"2167","3074","3047",21
"2168","3075","3047",10
"2169","3076","3047",10
"2170","3077","3047",1
"2171","3078","3047",0
"2172","3079","3047",0
"2173","3080","3047",0
"2174","3081","3047",3
"2175","3082","3047",1
"2176","4108","3047",0
"2177","3005","3048",34
"2178","3006","3048",12
"2179","3007","3048",10
"2180","3008","3048",2
"2181","3010","3048",0
"2182","3011","3048",2
"2183","3014","3048",26
"2184","3016","3048",10
"2185","3018","3048",1
"2186","3019","3048",0
"2187","3020","3048",0
"2188","3021","3048",37
"2189","3022","3048",32
"2190","3023","3048",11
"2191","3024","3048",27
"2192","3025","3048",0
"2193","3026","3048",8
"2194","3027","3048",8
"2195","3028","3048",4
"2196","3029","3048",14
"2197","3030","3048",28
"2198","3031","3048",13
"2199","3032","3048",3
"2200","3033","3048",2
"2201","3034","3048",10
"2202","3035","3048",5
"2203","3036","3048",31
"2204","3037","3048",42
"2205","3038","3048",21
"2206","3040","3048",2
"2207","3042","3048",21
"2208","3045","3048",0
"2209","3046","3048",18
"2210","3047","3048",2
"2211","3048","3048",206
"2212","3049","3048",4
"2213","3051","3048",10
"2214","3052","3048",13
"2215","3053","3048",0
"2216","3054","3048",14
"2217","3055","3048",10
"2218","3056","3048",0
"2219","3057","3048",0
"2220","3058","3048",38
"2221","3059","3048",0
"2222","3060","3048",0
"2223","3062","3048",15
"2224","3063","3048",12
"2225","3064","3048",11
"2226","3065","3048",0
"2227","3066","3048",6
"2228","3067","3048",10
"2229","3068","3048",14
"2230","3069","3048",47
"2231","3074","3048",4
"2232","3075","3048",22
"2233","3076","3048",17
"2234","3077","3048",4
"2235","3078","3048",2
"2236","3079","3048",3
"2237","3080","3048",1
"2238","3081","3048",0
"2239","3082","3048",2
"2240","4108","3048",0
"2241","3005","3049",31
"2242","3006","3049",9
"2243","3007","3049",18
"2244","3008","3049",33
"2245","3010","3049",0
"2246","3011","3049",10
"2247","3014","3049",5
"2248","3016","3049",3
"2249","3018","3049",2
"2250","3019","3049",2
"2251","3020","3049",0
"2252","3021","3049",6
"2253","3022","3049",15
"2254","3023","3049",23
"2255","3024","3049",5
"2256","3025","3049",0
"2257","3026","3049",22
"2258","3027","3049",4
"2259","3028","3049",5
"2260","3029","3049",10
"2261","3030","3049",35
"2262","3031","3049",18
"2263","3032","3049",34
"2264","3033","3049",2
"2265","3034","3049",8
"2266","3035","3049",58
"2267","3036","3049",6
"2268","3037","3049",4
"2269","3038","3049",11
"2270","3040","3049",1
"2271","3042","3049",39
"2272","3045","3049",2
"2273","3046","3049",32
"2274","3047","3049",3
"2275","3048","3049",6
"2276","3049","3049",108
"2277","3051","3049",15
"2278","3052","3049",28
"2279","3053","3049",0
"2280","3054","3049",1
"2281","3055","3049",7
"2282","3056","3049",0
"2283","3057","3049",1
"2284","3058","3049",3
"2285","3059","3049",2
"2286","3060","3049",0
"2287","3062","3049",4
"2288","3063","3049",24
"2289","3064","3049",26
"2290","3065","3049",2
"2291","3066","3049",4
"2292","3067","3049",53
"2293","3068","3049",10
"2294","3069","3049",65
"2295","3074","3049",7
"2296","3075","3049",16
"2297","3076","3049",7
"2298","3077","3049",1
"2299","3078","3049",2
"2300","3079","3049",0
"2301","3080","3049",0
"2302","3081","3049",0
"2303","3082","3049",1
"2304","4108","3049",0
"2305","3005","3051",31
"2306","3006","3051",7
"2307","3007","3051",17
"2308","3008","3051",8
"2309","3010","3051",2
"2310","3011","3051",4
"2311","3014","3051",7
"2312","3016","3051",6
"2313","3018","3051",3
"2314","3019","3051",11
"2315","3020","3051",2
"2316","3021","3051",9
"2317","3022","3051",14
"2318","3023","3051",7
"2319","3024","3051",9
"2320","3025","3051",1
"2321","3026","3051",25
"2322","3027","3051",10
"2323","3028","3051",2
"2324","3029","3051",3
"2325","3030","3051",12
"2326","3031","3051",9
"2327","3032","3051",14
"2328","3033","3051",4
"2329","3034","3051",12
"2330","3035","3051",31
"2331","3036","3051",6
"2332","3037","3051",3
"2333","3038","3051",17
"2334","3040","3051",8
"2335","3042","3051",10
"2336","3045","3051",2
"2337","3046","3051",2
"2338","3047","3051",2
"2339","3048","3051",1
"2340","3049","3051",14
"2341","3051","3051",35
"2342","3052","3051",18
"2343","3053","3051",1
"2344","3054","3051",1
"2345","3055","3051",6
"2346","3056","3051",3
"2347","3057","3051",0
"2348","3058","3051",1
"2349","3059","3051",9
"2350","3060","3051",2
"2351","3062","3051",2
"2352","3063","3051",7
"2353","3064","3051",24
"2354","3065","3051",3
"2355","3066","3051",4
"2356","3067","3051",4
"2357","3068","3051",8
"2358","3069","3051",15
"2359","3074","3051",9
"2360","3075","3051",15
"2361","3076","3051",3
"2362","3077","3051",0
"2363","3078","3051",9
"2364","3079","3051",1
"2365","3080","3051",1
"2366","3081","3051",0
"2367","3082","3051",4
"2368","4108","3051",0
"2369","3005","3052",33
"2370","3006","3052",11
"2371","3007","3052",25
"2372","3008","3052",18
"2373","3010","3052",2
"2374","3011","3052",2
"2375","3014","3052",6
"2376","3016","3052",6
"2377","3018","3052",4
"2378","3019","3052",0
"2379","3020","3052",2
"2380","3021","3052",4
"2381","3022","3052",0
"2382","3023","3052",5
"2383","3024","3052",14
"2384","3025","3052",1
"2385","3026","3052",2
"2386","3027","3052",10
"2387","3028","3052",2
"2388","3029","3052",3
"2389","3030","3052",1
"2390","3031","3052",19
"2391","3032","3052",19
"2392","3033","3052",0
"2393","3034","3052",3
"2394","3035","3052",50
"2395","3036","3052",0
"2396","3037","3052",0
"2397","3038","3052",3
"2398","3040","3052",16
"2399","3042","3052",8
"2400","3045","3052",0
"2401","3046","3052",2
"2402","3047","3052",4
"2403","3048","3052",7
"2404","3049","3052",27
"2405","3051","3052",11
"2406","3052","3052",75
"2407","3053","3052",0
"2408","3054","3052",3
"2409","3055","3052",3
"2410","3056","3052",2
"2411","3057","3052",0
"2412","3058","3052",3
"2413","3059","3052",0
"2414","3060","3052",1
"2415","3062","3052",2
"2416","3063","3052",3
"2417","3064","3052",25
"2418","3065","3052",1
"2419","3066","3052",0
"2420","3067","3052",3
"2421","3068","3052",3
"2422","3069","3052",13
"2423","3074","3052",11
"2424","3075","3052",1
"2425","3076","3052",0
"2426","3077","3052",1
"2427","3078","3052",0
"2428","3079","3052",0
"2429","3080","3052",0
"2430","3081","3052",0
"2431","3082","3052",3
"2432","4108","3052",1
"2433","3005","3053",1
"2434","3006","3053",0
"2435","3007","3053",0
"2436","3008","3053",0
"2437","3010","3053",0
"2438","3011","3053",0
"2439","3014","3053",0
"2440","3016","3053",0
"2441","3018","3053",3
"2442","3019","3053",0
"2443","3020","3053",0
"2444","3021","3053",0
"2445","3022","3053",0
"2446","3023","3053",0
"2447","3024","3053",0
"2448","3025","3053",0
"2449","3026","3053",1
"2450","3027","3053",0
"2451","3028","3053",0
"2452","3029","3053",1
"2453","3030","3053",0
"2454","3031","3053",0
"2455","3032","3053",0
"2456","3033","3053",0
"2457","3034","3053",2
"2458","3035","3053",0
"2459","3036","3053",0
"2460","3037","3053",0
"2461","3038","3053",0
"2462","3040","3053",0
"2463","3042","3053",0
"2464","3045","3053",0
"2465","3046","3053",0
"2466","3047","3053",0
"2467","3048","3053",0
"2468","3049","3053",0
"2469","3051","3053",1
"2470","3052","3053",0
"2471","3053","3053",0
"2472","3054","3053",0
"2473","3055","3053",0
"2474","3056","3053",0
"2475","3057","3053",1
"2476","3058","3053",0
"2477","3059","3053",0
"2478","3060","3053",0
"2479","3062","3053",0
"2480","3063","3053",0
"2481","3064","3053",0
"2482","3065","3053",0
"2483","3066","3053",0
"2484","3067","3053",1
"2485","3068","3053",0
"2486","3069","3053",0
"2487","3074","3053",0
"2488","3075","3053",0
"2489","3076","3053",0
"2490","3077","3053",0
"2491","3078","3053",1
"2492","3079","3053",0
"2493","3080","3053",0
"2494","3081","3053",0
"2495","3082","3053",0
"2496","4108","3053",0
"2497","3005","3054",1
"2498","3006","3054",6
"2499","3007","3054",1
"2500","3008","3054",4
"2501","3010","3054",0
"2502","3011","3054",0
"2503","3014","3054",6
"2504","3016","3054",0
"2505","3018","3054",1
"2506","3019","3054",4
"2507","3020","3054",0
"2508","3021","3054",15
"2509","3022","3054",25
"2510","3023","3054",1
"2511","3024","3054",0
"2512","3025","3054",0
"2513","3026","3054",0
"2514","3027","3054",0
"2515","3028","3054",5
"2516","3029","3054",1
"2517","3030","3054",10
"2518","3031","3054",8
"2519","3032","3054",3
"2520","3033","3054",4
"2521","3034","3054",1
"2522","3035","3054",0
"2523","3036","3054",1
"2524","3037","3054",5
"2525","3038","3054",4
"2526","3040","3054",2
"2527","3042","3054",24
"2528","3045","3054",1
"2529","3046","3054",1
"2530","3047","3054",0
"2531","3048","3054",8
"2532","3049","3054",6
"2533","3051","3054",1
"2534","3052","3054",1
"2535","3053","3054",0
"2536","3054","3054",39
"2537","3055","3054",9
"2538","3056","3054",2
"2539","3057","3054",0
"2540","3058","3054",3
"2541","3059","3054",1
"2542","3060","3054",0
"2543","3062","3054",6
"2544","3063","3054",6
"2545","3064","3054",0
"2546","3065","3054",1
"2547","3066","3054",0
"2548","3067","3054",25
"2549","3068","3054",0
"2550","3069","3054",10
"2551","3074","3054",4
"2552","3075","3054",0
"2553","3076","3054",4
"2554","3077","3054",0
"2555","3078","3054",0
"2556","3079","3054",1
"2557","3080","3054",0
"2558","3081","3054",3
"2559","3082","3054",6
"2560","4108","3054",0
"2561","3005","3055",58
"2562","3006","3055",34
"2563","3007","3055",15
"2564","3008","3055",11
"2565","3010","3055",3
"2566","3011","3055",3
"2567","3014","3055",3
"2568","3016","3055",6
"2569","3018","3055",10
"2570","3019","3055",4
"2571","3020","3055",2
"2572","3021","3055",35
"2573","3022","3055",28
"2574","3023","3055",4
"2575","3024","3055",6
"2576","3025","3055",0
"2577","3026","3055",3
"2578","3027","3055",19
"2579","3028","3055",4
"2580","3029","3055",11
"2581","3030","3055",17
"2582","3031","3055",15
"2583","3032","3055",15
"2584","3033","3055",6
"2585","3034","3055",19
"2586","3035","3055",44
"2587","3036","3055",9
"2588","3037","3055",18
"2589","3038","3055",11
"2590","3040","3055",4
"2591","3042","3055",15
"2592","3045","3055",1
"2593","3046","3055",1
"2594","3047","3055",3
"2595","3048","3055",6
"2596","3049","3055",10
"2597","3051","3055",3
"2598","3052","3055",6
"2599","3053","3055",0
"2600","3054","3055",4
"2601","3055","3055",61
"2602","3056","3055",1
"2603","3057","3055",2
"2604","3058","3055",45
"2605","3059","3055",4
"2606","3060","3055",2
"2607","3062","3055",12
"2608","3063","3055",15
"2609","3064","3055",38
"2610","3065","3055",1
"2611","3066","3055",3
"2612","3067","3055",8
"2613","3068","3055",25
"2614","3069","3055",16
"2615","3074","3055",40
"2616","3075","3055",22
"2617","3076","3055",9
"2618","3077","3055",14
"2619","3078","3055",2
"2620","3079","3055",2
"2621","3080","3055",0
"2622","3081","3055",1
"2623","3082","3055",12
"2624","4108","3055",0
"2625","3005","3056",8
"2626","3006","3056",9
"2627","3007","3056",2
"2628","3008","3056",1
"2629","3010","3056",0
"2630","3011","3056",4
"2631","3014","3056",0
"2632","3016","3056",0
"2633","3018","3056",16
"2634","3019","3056",17
"2635","3020","3056",0
"2636","3021","3056",1
"2637","3022","3056",0
"2638","3023","3056",0
"2639","3024","3056",2
"2640","3025","3056",21
"2641","3026","3056",1
"2642","3027","3056",4
"2643","3028","3056",11
"2644","3029","3056",2
"2645","3030","3056",4
"2646","3031","3056",6
"2647","3032","3056",8
"2648","3033","3056",2
"2649","3034","3056",30
"2650","3035","3056",15
"2651","3036","3056",2
"2652","3037","3056",0
"2653","3038","3056",0
"2654","3040","3056",20
"2655","3042","3056",0
"2656","3045","3056",0
"2657","3046","3056",0
"2658","3047","3056",44
"2659","3048","3056",0
"2660","3049","3056",0
"2661","3051","3056",0
"2662","3052","3056",3
"2663","3053","3056",1
"2664","3054","3056",0
"2665","3055","3056",0
"2666","3056","3056",40
"2667","3057","3056",9
"2668","3058","3056",2
"2669","3059","3056",3
"2670","3060","3056",32
"2671","3062","3056",3
"2672","3063","3056",0
"2673","3064","3056",18
"2674","3065","3056",0
"2675","3066","3056",3
"2676","3067","3056",2
"2677","3068","3056",5
"2678","3069","3056",0
"2679","3074","3056",10
"2680","3075","3056",3
"2681","3076","3056",6
"2682","3077","3056",0
"2683","3078","3056",1
"2684","3079","3056",0
"2685","3080","3056",0
"2686","3081","3056",1
"2687","3082","3056",0
"2688","4108","3056",0
"2689","3005","3057",10
"2690","3006","3057",7
"2691","3007","3057",1
"2692","3008","3057",5
"2693","3010","3057",0
"2694","3011","3057",6
"2695","3014","3057",1
"2696","3016","3057",0
"2697","3018","3057",4
"2698","3019","3057",3
"2699","3020","3057",0
"2700","3021","3057",0
"2701","3022","3057",0
"2702","3023","3057",0
"2703","3024","3057",1
"2704","3025","3057",0
"2705","3026","3057",0
"2706","3027","3057",8
"2707","3028","3057",0
"2708","3029","3057",0
"2709","3030","3057",2
"2710","3031","3057",1
"2711","3032","3057",1
"2712","3033","3057",0
"2713","3034","3057",1
"2714","3035","3057",10
"2715","3036","3057",0
"2716","3037","3057",0
"2717","3038","3057",0
"2718","3040","3057",1
"2719","3042","3057",0
"2720","3045","3057",0
"2721","3046","3057",2
"2722","3047","3057",1
"2723","3048","3057",0
"2724","3049","3057",0
"2725","3051","3057",0
"2726","3052","3057",0
"2727","3053","3057",0
"2728","3054","3057",0
"2729","3055","3057",2
"2730","3056","3057",2
"2731","3057","3057",21
"2732","3058","3057",0
"2733","3059","3057",5
"2734","3060","3057",2
"2735","3062","3057",0
"2736","3063","3057",2
"2737","3064","3057",1
"2738","3065","3057",0
"2739","3066","3057",1
"2740","3067","3057",2
"2741","3068","3057",0
"2742","3069","3057",0
"2743","3074","3057",10
"2744","3075","3057",2
"2745","3076","3057",1
"2746","3077","3057",0
"2747","3078","3057",0
"2748","3079","3057",0
"2749","3080","3057",0
"2750","3081","3057",0
"2751","3082","3057",2
"2752","4108","3057",0
"2753","3005","3058",16
"2754","3006","3058",3
"2755","3007","3058",7
"2756","3008","3058",2
"2757","3010","3058",0
"2758","3011","3058",0
"2759","3014","3058",20
"2760","3016","3058",2
"2761","3018","3058",0
"2762","3019","3058",0
"2763","3020","3058",0
"2764","3021","3058",71
"2765","3022","3058",76
"2766","3023","3058",2
"2767","3024","3058",2
"2768","3025","3058",1
"2769","3026","3058",2
"2770","3027","3058",6
"2771","3028","3058",0
"2772","3029","3058",1
"2773","3030","3058",13
"2774","3031","3058",19
"2775","3032","3058",11
"2776","3033","3058",2
"2777","3034","3058",0
"2778","3035","3058",1
"2779","3036","3058",17
"2780","3037","3058",5
"2781","3038","3058",14
"2782","3040","3058",3
"2783","3042","3058",13
"2784","3045","3058",0
"2785","3046","3058",0
"2786","3047","3058",1
"2787","3048","3058",44
"2788","3049","3058",5
"2789","3051","3058",7
"2790","3052","3058",8
"2791","3053","3058",0
"2792","3054","3058",5
"2793","3055","3058",45
"2794","3056","3058",0
"2795","3057","3058",0
"2796","3058","3058",83
"2797","3059","3058",0
"2798","3060","3058",0
"2799","3062","3058",6
"2800","3063","3058",8
"2801","3064","3058",14
"2802","3065","3058",1
"2803","3066","3058",10
"2804","3067","3058",15
"2805","3068","3058",3
"2806","3069","3058",23
"2807","3074","3058",5
"2808","3075","3058",14
"2809","3076","3058",2
"2810","3077","3058",5
"2811","3078","3058",5
"2812","3079","3058",0
"2813","3080","3058",0
"2814","3081","3058",6
"2815","3082","3058",6
"2816","4108","3058",0
"2817","3005","3059",4
"2818","3006","3059",2
"2819","3007","3059",0
"2820","3008","3059",0
"2821","3010","3059",8
"2822","3011","3059",0
"2823","3014","3059",5
"2824","3016","3059",1
"2825","3018","3059",1
"2826","3019","3059",2
"2827","3020","3059",0
"2828","3021","3059",0
"2829","3022","3059",4
"2830","3023","3059",0
"2831","3024","3059",0
"2832","3025","3059",3
"2833","3026","3059",0
"2834","3027","3059",2
"2835","3028","3059",0
"2836","3029","3059",1
"2837","3030","3059",1
"2838","3031","3059",2
"2839","3032","3059",1
"2840","3033","3059",4
"2841","3034","3059",7
"2842","3035","3059",0
"2843","3036","3059",1
"2844","3037","3059",0
"2845","3038","3059",16
"2846","3040","3059",0
"2847","3042","3059",0
"2848","3045","3059",0
"2849","3046","3059",1
"2850","3047","3059",18
"2851","3048","3059",0
"2852","3049","3059",0
"2853","3051","3059",3
"2854","3052","3059",4
"2855","3053","3059",0
"2856","3054","3059",0
"2857","3055","3059",1
"2858","3056","3059",8
"2859","3057","3059",0
"2860","3058","3059",0
"2861","3059","3059",29
"2862","3060","3059",0
"2863","3062","3059",2
"2864","3063","3059",16
"2865","3064","3059",7
"2866","3065","3059",0
"2867","3066","3059",0
"2868","3067","3059",3
"2869","3068","3059",1
"2870","3069","3059",4
"2871","3074","3059",10
"2872","3075","3059",3
"2873","3076","3059",2
"2874","3077","3059",1
"2875","3078","3059",0
"2876","3079","3059",0
"2877","3080","3059",2
"2878","3081","3059",0
"2879","3082","3059",0
"2880","4108","3059",0
"2881","3005","3060",3
"2882","3006","3060",3
"2883","3007","3060",0
"2884","3008","3060",2
"2885","3010","3060",2
"2886","3011","3060",0
"2887","3014","3060",0
"2888","3016","3060",1
"2889","3018","3060",4
"2890","3019","3060",7
"2891","3020","3060",1
"2892","3021","3060",0
"2893","3022","3060",0
"2894","3023","3060",0
"2895","3024","3060",0
"2896","3025","3060",0
"2897","3026","3060",0
"2898","3027","3060",9
"2899","3028","3060",0
"2900","3029","3060",0
"2901","3030","3060",0
"2902","3031","3060",0
"2903","3032","3060",0
"2904","3033","3060",1
"2905","3034","3060",3
"2906","3035","3060",1
"2907","3036","3060",0
"2908","3037","3060",0
"2909","3038","3060",1
"2910","3040","3060",5
"2911","3042","3060",5
"2912","3045","3060",0
"2913","3046","3060",0
"2914","3047","3060",6
"2915","3048","3060",0
"2916","3049","3060",0
"2917","3051","3060",2
"2918","3052","3060",1
"2919","3053","3060",2
"2920","3054","3060",0
"2921","3055","3060",1
"2922","3056","3060",30
"2923","3057","3060",0
"2924","3058","3060",0
"2925","3059","3060",1
"2926","3060","3060",29
"2927","3062","3060",1
"2928","3063","3060",1
"2929","3064","3060",0
"2930","3065","3060",0
"2931","3066","3060",0
"2932","3067","3060",1
"2933","3068","3060",2
"2934","3069","3060",5
"2935","3074","3060",0
"2936","3075","3060",1
"2937","3076","3060",1
"2938","3077","3060",0
"2939","3078","3060",0
"2940","3079","3060",0
"2941","3080","3060",6
"2942","3081","3060",0
"2943","3082","3060",0
"2944","4108","3060",0
"2945","3005","3062",48
"2946","3006","3062",10
"2947","3007","3062",5
"2948","3008","3062",3
"2949","3010","3062",0
"2950","3011","3062",1
"2951","3014","3062",31
"2952","3016","3062",6
"2953","3018","3062",5
"2954","3019","3062",2
"2955","3020","3062",0
"2956","3021","3062",25
"2957","3022","3062",26
"2958","3023","3062",3
"2959","3024","3062",19
"2960","3025","3062",1
"2961","3026","3062",4
"2962","3027","3062",7
"2963","3028","3062",8
"2964","3029","3062",9
"2965","3030","3062",5
"2966","3031","3062",15
"2967","3032","3062",14
"2968","3033","3062",1
"2969","3034","3062",4
"2970","3035","3062",6
"2971","3036","3062",5
"2972","3037","3062",4
"2973","3038","3062",9
"2974","3040","3062",2
"2975","3042","3062",12
"2976","3045","3062",0
"2977","3046","3062",10
"2978","3047","3062",3
"2979","3048","3062",20
"2980","3049","3062",5
"2981","3051","3062",11
"2982","3052","3062",11
"2983","3053","3062",1
"2984","3054","3062",4
"2985","3055","3062",7
"2986","3056","3062",0
"2987","3057","3062",0
"2988","3058","3062",17
"2989","3059","3062",6
"2990","3060","3062",2
"2991","3062","3062",64
"2992","3063","3062",14
"2993","3064","3062",19
"2994","3065","3062",5
"2995","3066","3062",1
"2996","3067","3062",10
"2997","3068","3062",18
"2998","3069","3062",31
"2999","3074","3062",7
"3000","3075","3062",3
"3001","3076","3062",7
"3002","3077","3062",1
"3003","3078","3062",0
"3004","3079","3062",3
"3005","3080","3062",2
"3006","3081","3062",1
"3007","3082","3062",2
"3008","4108","3062",4
"3009","3005","3063",25
"3010","3006","3063",38
"3011","3007","3063",19
"3012","3008","3063",38
"3013","3010","3063",7
"3014","3011","3063",10
"3015","3014","3063",29
"3016","3016","3063",9
"3017","3018","3063",12
"3018","3019","3063",45
"3019","3020","3063",1
"3020","3021","3063",37
"3021","3022","3063",16
"3022","3023","3063",9
"3023","3024","3063",12
"3024","3025","3063",4
"3025","3026","3063",19
"3026","3027","3063",15
"3027","3028","3063",6
"3028","3029","3063",8
"3029","3030","3063",35
"3030","3031","3063",24
"3031","3032","3063",7
"3032","3033","3063",3
"3033","3034","3063",28
"3034","3035","3063",24
"3035","3036","3063",5
"3036","3037","3063",6
"3037","3038","3063",17
"3038","3040","3063",2
"3039","3042","3063",30
"3040","3045","3063",1
"3041","3046","3063",14
"3042","3047","3063",4
"3043","3048","3063",19
"3044","3049","3063",23
"3045","3051","3063",9
"3046","3052","3063",29
"3047","3053","3063",1
"3048","3054","3063",6
"3049","3055","3063",64
"3050","3056","3063",3
"3051","3057","3063",2
"3052","3058","3063",9
"3053","3059","3063",14
"3054","3060","3063",2
"3055","3062","3063",23
"3056","3063","3063",91
"3057","3064","3063",35
"3058","3065","3063",17
"3059","3066","3063",16
"3060","3067","3063",18
"3061","3068","3063",30
"3062","3069","3063",30
"3063","3074","3063",22
"3064","3075","3063",14
"3065","3076","3063",10
"3066","3077","3063",5
"3067","3078","3063",5
"3068","3079","3063",8
"3069","3080","3063",1
"3070","3081","3063",0
"3071","3082","3063",6
"3072","4108","3063",0
"3073","3005","3064",24
"3074","3006","3064",13
"3075","3007","3064",57
"3076","3008","3064",21
"3077","3010","3064",6
"3078","3011","3064",8
"3079","3014","3064",15
"3080","3016","3064",6
"3081","3018","3064",16
"3082","3019","3064",9
"3083","3020","3064",7
"3084","3021","3064",15
"3085","3022","3064",18
"3086","3023","3064",19
"3087","3024","3064",27
"3088","3025","3064",1
"3089","3026","3064",12
"3090","3027","3064",16
"3091","3028","3064",16
"3092","3029","3064",5
"3093","3030","3064",34
"3094","3031","3064",58
"3095","3032","3064",31
"3096","3033","3064",8
"3097","3034","3064",83
"3098","3035","3064",23
"3099","3036","3064",3
"3100","3037","3064",2
"3101","3038","3064",38
"3102","3040","3064",14
"3103","3042","3064",21
"3104","3045","3064",0
"3105","3046","3064",13
"3106","3047","3064",50
"3107","3048","3064",7
"3108","3049","3064",22
"3109","3051","3064",20
"3110","3052","3064",69
"3111","3053","3064",0
"3112","3054","3064",3
"3113","3055","3064",50
"3114","3056","3064",10
"3115","3057","3064",1
"3116","3058","3064",10
"3117","3059","3064",7
"3118","3060","3064",1
"3119","3062","3064",17
"3120","3063","3064",31
"3121","3064","3064",93
"3122","3065","3064",8
"3123","3066","3064",4
"3124","3067","3064",63
"3125","3068","3064",43
"3126","3069","3064",92
"3127","3074","3064",6
"3128","3075","3064",16
"3129","3076","3064",21
"3130","3077","3064",8
"3131","3078","3064",1
"3132","3079","3064",2
"3133","3080","3064",0
"3134","3081","3064",1
"3135","3082","3064",4
"3136","4108","3064",0
"3137","3005","3065",15
"3138","3006","3065",6
"3139","3007","3065",5
"3140","3008","3065",3
"3141","3010","3065",0
"3142","3011","3065",0
"3143","3014","3065",32
"3144","3016","3065",8
"3145","3018","3065",2
"3146","3019","3065",0
"3147","3020","3065",0
"3148","3021","3065",2
"3149","3022","3065",4
"3150","3023","3065",2
"3151","3024","3065",5
"3152","3025","3065",0
"3153","3026","3065",6
"3154","3027","3065",11
"3155","3028","3065",9
"3156","3029","3065",12
"3157","3030","3065",23
"3158","3031","3065",5
"3159","3032","3065",2
"3160","3033","3065",0
"3161","3034","3065",5
"3162","3035","3065",4
"3163","3036","3065",2
"3164","3037","3065",1
"3165","3038","3065",37
"3166","3040","3065",0
"3167","3042","3065",13
"3168","3045","3065",0
"3169","3046","3065",4
"3170","3047","3065",0
"3171","3048","3065",5
"3172","3049","3065",2
"3173","3051","3065",2
"3174","3052","3065",0
"3175","3053","3065",0
"3176","3054","3065",0
"3177","3055","3065",9
"3178","3056","3065",0
"3179","3057","3065",0
"3180","3058","3065",0
"3181","3059","3065",0
"3182","3060","3065",0
"3183","3062","3065",0
"3184","3063","3065",26
"3185","3064","3065",1
"3186","3065","3065",39
"3187","3066","3065",8
"3188","3067","3065",7
"3189","3068","3065",3
"3190","3069","3065",11
"3191","3074","3065",1
"3192","3075","3065",2
"3193","3076","3065",3
"3194","3077","3065",0
"3195","3078","3065",4
"3196","3079","3065",1
"3197","3080","3065",0
"3198","3081","3065",0
"3199","3082","3065",10
"3200","4108","3065",0
"3201","3005","3066",10
"3202","3006","3066",2
"3203","3007","3066",5
"3204","3008","3066",2
"3205","3010","3066",0
"3206","3011","3066",1
"3207","3014","3066",40
"3208","3016","3066",10
"3209","3018","3066",1
"3210","3019","3066",4
"3211","3020","3066",0
"3212","3021","3066",0
"3213","3022","3066",5
"3214","3023","3066",6
"3215","3024","3066",3
"3216","3025","3066",2
"3217","3026","3066",1
"3218","3027","3066",12
"3219","3028","3066",6
"3220","3029","3066",6
"3221","3030","3066",13
"3222","3031","3066",6
"3223","3032","3066",0
"3224","3033","3066",2
"3225","3034","3066",2
"3226","3035","3066",36
"3227","3036","3066",3
"3228","3037","3066",2
"3229","3038","3066",36
"3230","3040","3066",0
"3231","3042","3066",14
"3232","3045","3066",0
"3233","3046","3066",2
"3234","3047","3066",3
"3235","3048","3066",5
"3236","3049","3066",1
"3237","3051","3066",2
"3238","3052","3066",0
"3239","3053","3066",0
"3240","3054","3066",0
"3241","3055","3066",4
"3242","3056","3066",1
"3243","3057","3066",2
"3244","3058","3066",3
"3245","3059","3066",0
"3246","3060","3066",0
"3247","3062","3066",3
"3248","3063","3066",17
"3249","3064","3066",4
"3250","3065","3066",12
"3251","3066","3066",60
"3252","3067","3066",9
"3253","3068","3066",4
"3254","3069","3066",21
"3255","3074","3066",0
"3256","3075","3066",2
"3257","3076","3066",0
"3258","3077","3066",1
"3259","3078","3066",5
"3260","3079","3066",0
"3261","3080","3066",0
"3262","3081","3066",0
"3263","3082","3066",1
"3264","4108","3066",0
"3265","3005","3067",41
"3266","3006","3067",64
"3267","3007","3067",33
"3268","3008","3067",19
"3269","3010","3067",1
"3270","3011","3067",4
"3271","3014","3067",29
"3272","3016","3067",8
"3273","3018","3067",8
"3274","3019","3067",3
"3275","3020","3067",38
"3276","3021","3067",38
"3277","3022","3067",18
"3278","3023","3067",12
"3279","3024","3067",4
"3280","3025","3067",2
"3281","3026","3067",13
"3282","3027","3067",18
"3283","3028","3067",3
"3284","3029","3067",6
"3285","3030","3067",26
"3286","3031","3067",17
"3287","3032","3067",80
"3288","3033","3067",10
"3289","3034","3067",20
"3290","3035","3067",46
"3291","3036","3067",13
"3292","3037","3067",8
"3293","3038","3067",10
"3294","3040","3067",9
"3295","3042","3067",32
"3296","3045","3067",0
"3297","3046","3067",21
"3298","3047","3067",11
"3299","3048","3067",7
"3300","3049","3067",59
"3301","3051","3067",7
"3302","3052","3067",1
"3303","3053","3067",0
"3304","3054","3067",12
"3305","3055","3067",5
"3306","3056","3067",2
"3307","3057","3067",1
"3308","3058","3067",9
"3309","3059","3067",4
"3310","3060","3067",1
"3311","3062","3067",10
"3312","3063","3067",10
"3313","3064","3067",42
"3314","3065","3067",12
"3315","3066","3067",12
"3316","3067","3067",96
"3317","3068","3067",15
"3318","3069","3067",36
"3319","3074","3067",47
"3320","3075","3067",19
"3321","3076","3067",26
"3322","3077","3067",15
"3323","3078","3067",3
"3324","3079","3067",2
"3325","3080","3067",0
"3326","3081","3067",0
"3327","3082","3067",4
"3328","4108","3067",1
"3329","3005","3068",11
"3330","3006","3068",3
"3331","3007","3068",2
"3332","3008","3068",2
"3333","3010","3068",0
"3334","3011","3068",0
"3335","3014","3068",28
"3336","3016","3068",3
"3337","3018","3068",2
"3338","3019","3068",2
"3339","3020","3068",0
"3340","3021","3068",16
"3341","3022","3068",2
"3342","3023","3068",4
"3343","3024","3068",18
"3344","3025","3068",0
"3345","3026","3068",14
"3346","3027","3068",1
"3347","3028","3068",13
"3348","3029","3068",5
"3349","3030","3068",13
"3350","3031","3068",6
"3351","3032","3068",1
"3352","3033","3068",3
"3353","3034","3068",2
"3354","3035","3068",15
"3355","3036","3068",0
"3356","3037","3068",6
"3357","3038","3068",0
"3358","3040","3068",0
"3359","3042","3068",5
"3360","3045","3068",0
"3361","3046","3068",0
"3362","3047","3068",2
"3363","3048","3068",7
"3364","3049","3068",3
"3365","3051","3068",5
"3366","3052","3068",4
"3367","3053","3068",0
"3368","3054","3068",0
"3369","3055","3068",8
"3370","3056","3068",0
"3371","3057","3068",0
"3372","3058","3068",1
"3373","3059","3068",0
"3374","3060","3068",0
"3375","3062","3068",1
"3376","3063","3068",4
"3377","3064","3068",6
"3378","3065","3068",4
"3379","3066","3068",3
"3380","3067","3068",6
"3381","3068","3068",48
"3382","3069","3068",21
"3383","3074","3068",0
"3384","3075","3068",1
"3385","3076","3068",0
"3386","3077","3068",2
"3387","3078","3068",4
"3388","3079","3068",0
"3389","3080","3068",0
"3390","3081","3068",0
"3391","3082","3068",4
"3392","4108","3068",0
"3393","3005","3069",51
"3394","3006","3069",38
"3395","3007","3069",28
"3396","3008","3069",29
"3397","3010","3069",0
"3398","3011","3069",7
"3399","3014","3069",29
"3400","3016","3069",19
"3401","3018","3069",20
"3402","3019","3069",13
"3403","3020","3069",0
"3404","3021","3069",61
"3405","3022","3069",47
"3406","3023","3069",19
"3407","3024","3069",41
"3408","3025","3069",1
"3409","3026","3069",23
"3410","3027","3069",6
"3411","3028","3069",7
"3412","3029","3069",9
"3413","3030","3069",71
"3414","3031","3069",26
"3415","3032","3069",29
"3416","3033","3069",2
"3417","3034","3069",29
"3418","3035","3069",37
"3419","3036","3069",9
"3420","3037","3069",5
"3421","3038","3069",9
"3422","3040","3069",10
"3423","3042","3069",58
"3424","3045","3069",0
"3425","3046","3069",15
"3426","3047","3069",14
"3427","3048","3069",43
"3428","3049","3069",67
"3429","3051","3069",26
"3430","3052","3069",24
"3431","3053","3069",0
"3432","3054","3069",10
"3433","3055","3069",28
"3434","3056","3069",4
"3435","3057","3069",2
"3436","3058","3069",12
"3437","3059","3069",0
"3438","3060","3069",3
"3439","3062","3069",27
"3440","3063","3069",36
"3441","3064","3069",81
"3442","3065","3069",14
"3443","3066","3069",14
"3444","3067","3069",31
"3445","3068","3069",26
"3446","3069","3069",142
"3447","3074","3069",11
"3448","3075","3069",56
"3449","3076","3069",42
"3450","3077","3069",17
"3451","3078","3069",0
"3452","3079","3069",0
"3453","3080","3069",0
"3454","3081","3069",1
"3455","3082","3069",17
"3456","4108","3069",0
"3457","3005","3074",13
"3458","3006","3074",23
"3459","3007","3074",16
"3460","3008","3074",5
"3461","3010","3074",15
"3462","3011","3074",9
"3463","3014","3074",12
"3464","3016","3074",2
"3465","3018","3074",18
"3466","3019","3074",20
"3467","3020","3074",7
"3468","3021","3074",33
"3469","3022","3074",1
"3470","3023","3074",6
"3471","3024","3074",2
"3472","3025","3074",4
"3473","3026","3074",2
"3474","3027","3074",12
"3475","3028","3074",12
"3476","3029","3074",3
"3477","3030","3074",9
"3478","3031","3074",57
"3479","3032","3074",54
"3480","3033","3074",2
"3481","3034","3074",22
"3482","3035","3074",18
"3483","3036","3074",4
"3484","3037","3074",0
"3485","3038","3074",17
"3486","3040","3074",5
"3487","3042","3074",9
"3488","3045","3074",2
"3489","3046","3074",5
"3490","3047","3074",17
"3491","3048","3074",1
"3492","3049","3074",13
"3493","3051","3074",18
"3494","3052","3074",12
"3495","3053","3074",0
"3496","3054","3074",1
"3497","3055","3074",18
"3498","3056","3074",13
"3499","3057","3074",8
"3500","3058","3074",2
"3501","3059","3074",8
"3502","3060","3074",3
"3503","3062","3074",2
"3504","3063","3074",18
"3505","3064","3074",11
"3506","3065","3074",3
"3507","3066","3074",0
"3508","3067","3074",35
"3509","3068","3074",23
"3510","3069","3074",30
"3511","3074","3074",86
"3512","3075","3074",40
"3513","3076","3074",8
"3514","3077","3074",3
"3515","3078","3074",0
"3516","3079","3074",1
"3517","3080","3074",3
"3518","3081","3074",0
"3519","3082","3074",0
"3520","4108","3074",0
"3521","3005","3075",41
"3522","3006","3075",16
"3523","3007","3075",33
"3524","3008","3075",14
"3525","3010","3075",1
"3526","3011","3075",3
"3527","3014","3075",8
"3528","3016","3075",1
"3529","3018","3075",12
"3530","3019","3075",3
"3531","3020","3075",9
"3532","3021","3075",8
"3533","3022","3075",17
"3534","3023","3075",1
"3535","3024","3075",4
"3536","3025","3075",2
"3537","3026","3075",4
"3538","3027","3075",10
"3539","3028","3075",1
"3540","3029","3075",2
"3541","3030","3075",9
"3542","3031","3075",25
"3543","3032","3075",27
"3544","3033","3075",1
"3545","3034","3075",30
"3546","3035","3075",21
"3547","3036","3075",2
"3548","3037","3075",10
"3549","3038","3075",30
"3550","3040","3075",0
"3551","3042","3075",4
"3552","3045","3075",0
"3553","3046","3075",3
"3554","3047","3075",4
"3555","3048","3075",12
"3556","3049","3075",19
"3557","3051","3075",16
"3558","3052","3075",2
"3559","3053","3075",0
"3560","3054","3075",0
"3561","3055","3075",9
"3562","3056","3075",9
"3563","3057","3075",4
"3564","3058","3075",6
"3565","3059","3075",3
"3566","3060","3075",2
"3567","3062","3075",10
"3568","3063","3075",9
"3569","3064","3075",12
"3570","3065","3075",1
"3571","3066","3075",6
"3572","3067","3075",21
"3573","3068","3075",10
"3574","3069","3075",68
"3575","3074","3075",39
"3576","3075","3075",54
"3577","3076","3075",5
"3578","3077","3075",7
"3579","3078","3075",1
"3580","3079","3075",0
"3581","3080","3075",0
"3582","3081","3075",2
"3583","3082","3075",6
"3584","4108","3075",0
"3585","3005","3076",23
"3586","3006","3076",54
"3587","3007","3076",7
"3588","3008","3076",13
"3589","3010","3076",2
"3590","3011","3076",3
"3591","3014","3076",31
"3592","3016","3076",4
"3593","3018","3076",29
"3594","3019","3076",5
"3595","3020","3076",3
"3596","3021","3076",13
"3597","3022","3076",3
"3598","3023","3076",5
"3599","3024","3076",0
"3600","3025","3076",1
"3601","3026","3076",0
"3602","3027","3076",10
"3603","3028","3076",0
"3604","3029","3076",5
"3605","3030","3076",7
"3606","3031","3076",16
"3607","3032","3076",6
"3608","3033","3076",6
"3609","3034","3076",13
"3610","3035","3076",21
"3611","3036","3076",4
"3612","3037","3076",4
"3613","3038","3076",25
"3614","3040","3076",0
"3615","3042","3076",16
"3616","3045","3076",0
"3617","3046","3076",1
"3618","3047","3076",5
"3619","3048","3076",7
"3620","3049","3076",11
"3621","3051","3076",3
"3622","3052","3076",2
"3623","3053","3076",0
"3624","3054","3076",6
"3625","3055","3076",8
"3626","3056","3076",6
"3627","3057","3076",0
"3628","3058","3076",2
"3629","3059","3076",4
"3630","3060","3076",4
"3631","3062","3076",4
"3632","3063","3076",16
"3633","3064","3076",59
"3634","3065","3076",0
"3635","3066","3076",0
"3636","3067","3076",22
"3637","3068","3076",9
"3638","3069","3076",28
"3639","3074","3076",14
"3640","3075","3076",8
"3641","3076","3076",84
"3642","3077","3076",4
"3643","3078","3076",0
"3644","3079","3076",0
"3645","3080","3076",3
"3646","3081","3076",0
"3647","3082","3076",5
"3648","4108","3076",0
"3649","3005","3077",8
"3650","3006","3077",19
"3651","3007","3077",3
"3652","3008","3077",1
"3653","3010","3077",2
"3654","3011","3077",0
"3655","3014","3077",2
"3656","3016","3077",1
"3657","3018","3077",5
"3658","3019","3077",3
"3659","3020","3077",1
"3660","3021","3077",3
"3661","3022","3077",7
"3662","3023","3077",1
"3663","3024","3077",0
"3664","3025","3077",1
"3665","3026","3077",0
"3666","3027","3077",1
"3667","3028","3077",0
"3668","3029","3077",1
"3669","3030","3077",1
"3670","3031","3077",13
"3671","3032","3077",3
"3672","3033","3077",0
"3673","3034","3077",6
"3674","3035","3077",10
"3675","3036","3077",3
"3676","3037","3077",2
"3677","3038","3077",3
"3678","3040","3077",0
"3679","3042","3077",1
"3680","3045","3077",3
"3681","3046","3077",0
"3682","3047","3077",2
"3683","3048","3077",6
"3684","3049","3077",2
"3685","3051","3077",2
"3686","3052","3077",6
"3687","3053","3077",0
"3688","3054","3077",0
"3689","3055","3077",9
"3690","3056","3077",0
"3691","3057","3077",0
"3692","3058","3077",5
"3693","3059","3077",5
"3694","3060","3077",1
"3695","3062","3077",2
"3696","3063","3077",2
"3697","3064","3077",4
"3698","3065","3077",0
"3699","3066","3077",0
"3700","3067","3077",8
"3701","3068","3077",7
"3702","3069","3077",13
"3703","3074","3077",1
"3704","3075","3077",5
"3705","3076","3077",5
"3706","3077","3077",9
"3707","3078","3077",0
"3708","3079","3077",0
"3709","3080","3077",2
"3710","3081","3077",0
"3711","3082","3077",0
"3712","4108","3077",0
"3713","3005","3078",0
"3714","3006","3078",2
"3715","3007","3078",4
"3716","3008","3078",5
"3717","3010","3078",0
"3718","3011","3078",2
"3719","3014","3078",13
"3720","3016","3078",3
"3721","3018","3078",2
"3722","3019","3078",0
"3723","3020","3078",0
"3724","3021","3078",5
"3725","3022","3078",3
"3726","3023","3078",6
"3727","3024","3078",1
"3728","3025","3078",0
"3729","3026","3078",5
"3730","3027","3078",4
"3731","3028","3078",6
"3732","3029","3078",4
"3733","3030","3078",7
"3734","3031","3078",5
"3735","3032","3078",4
"3736","3033","3078",2
"3737","3034","3078",1
"3738","3035","3078",4
"3739","3036","3078",5
"3740","3037","3078",0
"3741","3038","3078",12
"3742","3040","3078",0
"3743","3042","3078",9
"3744","3045","3078",0
"3745","3046","3078",8
"3746","3047","3078",0
"3747","3048","3078",8
"3748","3049","3078",3
"3749","3051","3078",7
"3750","3052","3078",1
"3751","3053","3078",1
"3752","3054","3078",0
"3753","3055","3078",1
"3754","3056","3078",1
"3755","3057","3078",0
"3756","3058","3078",4
"3757","3059","3078",0
"3758","3060","3078",0
"3759","3062","3078",0
"3760","3063","3078",10
"3761","3064","3078",0
"3762","3065","3078",5
"3763","3066","3078",8
"3764","3067","3078",6
"3765","3068","3078",7
"3766","3069","3078",7
"3767","3074","3078",1
"3768","3075","3078",3
"3769","3076","3078",0
"3770","3077","3078",0
"3771","3078","3078",45
"3772","3079","3078",3
"3773","3080","3078",0
"3774","3081","3078",0
"3775","3082","3078",1
"3776","4108","3078",0
"3777","3005","3079",2
"3778","3006","3079",0
"3779","3007","3079",3
"3780","3008","3079",0
"3781","3010","3079",0
"3782","3011","3079",0
"3783","3014","3079",17
"3784","3016","3079",46
"3785","3018","3079",0
"3786","3019","3079",0
"3787","3020","3079",0
"3788","3021","3079",8
"3789","3022","3079",3
"3790","3023","3079",4
"3791","3024","3079",4
"3792","3025","3079",0
"3793","3026","3079",0
"3794","3027","3079",0
"3795","3028","3079",2
"3796","3029","3079",3
"3797","3030","3079",23
"3798","3031","3079",4
"3799","3032","3079",17
"3800","3033","3079",0
"3801","3034","3079",0
"3802","3035","3079",0
"3803","3036","3079",10
"3804","3037","3079",0
"3805","3038","3079",5
"3806","3040","3079",1
"3807","3042","3079",27
"3808","3045","3079",0
"3809","3046","3079",2
"3810","3047","3079",1
"3811","3048","3079",2
"3812","3049","3079",0
"3813","3051","3079",0
"3814","3052","3079",0
"3815","3053","3079",0
"3816","3054","3079",1
"3817","3055","3079",26
"3818","3056","3079",0
"3819","3057","3079",0
"3820","3058","3079",0
"3821","3059","3079",0
"3822","3060","3079",0
"3823","3062","3079",4
"3824","3063","3079",7
"3825","3064","3079",3
"3826","3065","3079",1
"3827","3066","3079",0
"3828","3067","3079",5
"3829","3068","3079",2
"3830","3069","3079",0
"3831","3074","3079",0
"3832","3075","3079",0
"3833","3076","3079",0
"3834","3077","3079",0
"3835","3078","3079",1
"3836","3079","3079",37
"3837","3080","3079",0
"3838","3081","3079",0
"3839","3082","3079",0
"3840","4108","3079",0
"3841","3005","3080",2
"3842","3006","3080",0
"3843","3007","3080",2
"3844","3008","3080",0
"3845","3010","3080",4
"3846","3011","3080",2
"3847","3014","3080",0
"3848","3016","3080",0
"3849","3018","3080",3
"3850","3019","3080",3
"3851","3020","3080",0
"3852","3021","3080",0
"3853","3022","3080",0
"3854","3023","3080",1
"3855","3024","3080",0
"3856","3025","3080",1
"3857","3026","3080",0
"3858","3027","3080",0
"3859","3028","3080",0
"3860","3029","3080",1
"3861","3030","3080",0
"3862","3031","3080",0
"3863","3032","3080",0
"3864","3033","3080",0
"3865","3034","3080",0
"3866","3035","3080",0
"3867","3036","3080",0
"3868","3037","3080",0
"3869","3038","3080",0
"3870","3040","3080",0
"3871","3042","3080",0
"3872","3045","3080",7
"3873","3046","3080",0
"3874","3047","3080",0
"3875","3048","3080",6
"3876","3049","3080",0
"3877","3051","3080",0
"3878","3052","3080",0
"3879","3053","3080",0
"3880","3054","3080",0
"3881","3055","3080",1
"3882","3056","3080",0
"3883","3057","3080",1
"3884","3058","3080",0
"3885","3059","3080",2
"3886","3060","3080",2
"3887","3062","3080",2
"3888","3063","3080",1
"3889","3064","3080",1
"3890","3065","3080",0
"3891","3066","3080",0
"3892","3067","3080",0
"3893","3068","3080",2
"3894","3069","3080",2
"3895","3074","3080",9
"3896","3075","3080",0
"3897","3076","3080",2
"3898","3077","3080",1
"3899","3078","3080",0
"3900","3079","3080",0
"3901","3080","3080",1
"3902","3081","3080",4
"3903","3082","3080",0
"3904","4108","3080",0
"3905","3005","3081",0
"3906","3006","3081",1
"3907","3007","3081",0
"3908","3008","3081",0
"3909","3010","3081",1
"3910","3011","3081",0
"3911","3014","3081",1
"3912","3016","3081",1
"3913","3018","3081",2
"3914","3019","3081",0
"3915","3020","3081",0
"3916","3021","3081",2
"3917","3022","3081",0
"3918","3023","3081",0
"3919","3024","3081",0
"3920","3025","3081",1
"3921","3026","3081",0
"3922","3027","3081",5
"3923","3028","3081",0
"3924","3029","3081",0
"3925","3030","3081",20
"3926","3031","3081",1
"3927","3032","3081",0
"3928","3033","3081",0
"3929","3034","3081",0
"3930","3035","3081",0
"3931","3036","3081",0
"3932","3037","3081",17
"3933","3038","3081",1
"3934","3040","3081",0
"3935","3042","3081",2
"3936","3045","3081",3
"3937","3046","3081",0
"3938","3047","3081",3
"3939","3048","3081",3
"3940","3049","3081",0
"3941","3051","3081",0
"3942","3052","3081",2
"3943","3053","3081",0
"3944","3054","3081",3
"3945","3055","3081",9
"3946","3056","3081",8
"3947","3057","3081",0
"3948","3058","3081",3
"3949","3059","3081",2
"3950","3060","3081",1
"3951","3062","3081",2
"3952","3063","3081",0
"3953","3064","3081",0
"3954","3065","3081",0
"3955","3066","3081",0
"3956","3067","3081",2
"3957","3068","3081",0
"3958","3069","3081",1
"3959","3074","3081",2
"3960","3075","3081",6
"3961","3076","3081",1
"3962","3077","3081",1
"3963","3078","3081",0
"3964","3079","3081",0
"3965","3080","3081",2
"3966","3081","3081",7
"3967","3082","3081",0
"3968","4108","3081",0
"3969","3005","3082",12
"3970","3006","3082",13
"3971","3007","3082",6
"3972","3008","3082",5
"3973","3010","3082",0
"3974","3011","3082",1
"3975","3014","3082",8
"3976","3016","3082",3
"3977","3018","3082",0
"3978","3019","3082",1
"3979","3020","3082",0
"3980","3021","3082",0
"3981","3022","3082",9
"3982","3023","3082",7
"3983","3024","3082",7
"3984","3025","3082",0
"3985","3026","3082",0
"3986","3027","3082",4
"3987","3028","3082",5
"3988","3029","3082",6
"3989","3030","3082",18
"3990","3031","3082",12
"3991","3032","3082",2
"3992","3033","3082",0
"3993","3034","3082",4
"3994","3035","3082",1
"3995","3036","3082",1
"3996","3037","3082",4
"3997","3038","3082",8
"3998","3040","3082",0
"3999","3042","3082",8
"4000","3045","3082",0
"4001","3046","3082",5
"4002","3047","3082",0
"4003","3048","3082",1
"4004","3049","3082",1
"4005","3051","3082",3
"4006","3052","3082",1
"4007","3053","3082",0
"4008","3054","3082",3
"4009","3055","3082",10
"4010","3056","3082",0
"4011","3057","3082",0
"4012","3058","3082",20
"4013","3059","3082",0
"4014","3060","3082",0
"4015","3062","3082",1
"4016","3063","3082",3
"4017","3064","3082",13
"4018","3065","3082",0
"4019","3066","3082",3
"4020","3067","3082",8
"4021","3068","3082",8
"4022","3069","3082",20
"4023","3074","3082",1
"4024","3075","3082",6
"4025","3076","3082",4
"4026","3077","3082",0
"4027","3078","3082",0
"4028","3079","3082",0
"4029","3080","3082",0
"4030","3081","3082",0
"4031","3082","3082",37
"4032","4108","3082",0
"4033","3005","4108",0
"4034","3006","4108",1
"4035","3007","4108",0
"4036","3008","4108",0
"4037","3010","4108",0
"4038","3011","4108",0
"4039","3014","4108",0
"4040","3016","4108",0
"4041","3018","4108",0
"4042","3019","4108",0
"4043","3020","4108",0
"4044","3021","4108",0
"4045","3022","4108",1
"4046","3023","4108",0
"4047","3024","4108",0
"4048","3025","4108",0
"4049","3026","4108",0
"4050","3027","4108",0
"4051","3028","4108",0
"4052","3029","4108",0
"4053","3030","4108",1
"4054","3031","4108",0
"4055","3032","4108",0
"4056","3033","4108",0
"4057","3034","4108",0
"4058","3035","4108",0
"4059","3036","4108",0
"4060","3037","4108",0
"4061","3038","4108",0
"4062","3040","4108",1
"4063","3042","4108",1
"4064","3045","4108",0
"4065","3046","4108",0
"4066","3047","4108",2
"4067","3048","4108",0
"4068","3049","4108",0
"4069","3051","4108",0
"4070","3052","4108",1
"4071","3053","4108",0
"4072","3054","4108",0
"4073","3055","4108",0
"4074","3056","4108",0
"4075","3057","4108",0
"4076","3058","4108",0
"4077","3059","4108",0
"4078","3060","4108",0
"4079","3062","4108",5
"4080","3063","4108",0
"4081","3064","4108",3
"4082","3065","4108",0
"4083","3066","4108",0
"4084","3067","4108",2
"4085","3068","4108",0
"4086","3069","4108",4
"4087","3074","4108",0
"4088","3075","4108",0
"4089","3076","4108",0
"4090","3077","4108",0
"4091","3078","4108",0
"4092","3079","4108",2
"4093","3080","4108",0
"4094","3081","4108",1
"4095","3082","4108",0
"4096","4108","4108",17
